"No.","Time","Source","Destination","Protocol","Length","Info","RTT"
"2","0.010108","142.251.37.78","10.100.102.10","TCP","66","443  >  49284 [SYN, ACK] Seq=0 Ack=1 Win=65535 Len=0 MSS=1400 SACK_PERM WS=256","0.010108000"
"3","0.010557","10.100.102.10","142.251.37.78","TCP","54","49284  >  443 [ACK] Seq=1 Ack=1 Win=263168 Len=0","0.000449000"
"5","0.020488","142.251.37.78","10.100.102.10","TCP","60","443  >  49284 [ACK] Seq=1 Ack=664 Win=65024 Len=0","0.008840000"
"11","0.073556","10.100.102.10","142.251.37.78","TCP","54","49284  >  443 [ACK] Seq=664 Ack=6838 Win=263168 Len=0","0.000383000"
"15","0.093656","142.251.37.78","10.100.102.10","TCP","60","443  >  49284 [ACK] Seq=6838 Ack=728 Win=65536 Len=0","0.008858000"
"17","0.094698","142.251.37.78","10.100.102.10","TCP","60","443  >  49284 [ACK] Seq=7452 Ack=2124 Win=68608 Len=0","0.008198000"
"19","0.095237","10.100.102.10","142.251.37.78","TCP","54","49284  >  443 [ACK] Seq=2124 Ack=7483 Win=262400 Len=0","0.000114000"
"21","0.109664","142.251.37.78","10.100.102.10","TCP","60","443  >  49284 [ACK] Seq=7483 Ack=2155 Win=68608 Len=0","0.014305000"
"27","0.209971","10.100.102.10","142.251.37.78","TCP","54","49284  >  443 [ACK] Seq=2155 Ack=12711 Win=263168 Len=0","0.000211000"
"32","0.229054","10.100.102.10","142.251.37.78","TCP","54","49284  >  443 [ACK] Seq=2155 Ack=18311 Win=263168 Len=0","0.000159000"
"36","0.230371","10.100.102.10","142.251.37.78","TCP","54","49284  >  443 [ACK] Seq=2155 Ack=21792 Win=263168 Len=0","0.000159000"
"41","0.255235","10.100.102.10","142.251.37.78","TCP","54","49284  >  443 [ACK] Seq=2155 Ack=27392 Win=263168 Len=0","0.000306000"
"47","0.259622","10.100.102.10","142.251.37.78","TCP","54","49284  >  443 [ACK] Seq=2155 Ack=32874 Win=263168 Len=0","0.000221000"
"49","0.261016","10.100.102.10","142.251.37.78","TCP","54","49284  >  443 [ACK] Seq=2155 Ack=33315 Win=262656 Len=0","0.000258000"
"53","0.262837","10.100.102.10","142.251.37.78","TCP","54","49284  >  443 [ACK] Seq=2155 Ack=33929 Win=262144 Len=0","0.000130000"
"56","0.266606","10.100.102.10","142.251.37.78","TCP","54","49284  >  443 [ACK] Seq=2155 Ack=36042 Win=263168 Len=0","0.000142000"
"61","0.274143","10.100.102.10","142.251.37.78","TCP","54","49284  >  443 [ACK] Seq=2155 Ack=41642 Win=263168 Len=0","0.000196000"
"63","0.275496","10.100.102.10","142.251.37.78","TCP","54","49284  >  443 [ACK] Seq=2155 Ack=42618 Win=262144 Len=0","0.000148000"
"68","0.281832","10.100.102.10","142.251.37.78","TCP","54","49284  >  443 [ACK] Seq=2155 Ack=48218 Win=263168 Len=0","0.000117000"
"70","0.331759","10.100.102.10","142.251.37.78","TCP","54","49284  >  443 [ACK] Seq=2155 Ack=48301 Win=262912 Len=0","0.049102000"
"72","0.412190","142.251.37.78","10.100.102.10","TCP","60","443  >  49284 [ACK] Seq=48301 Ack=2843 Win=70912 Len=0","0.007430000"
"78","0.414631","10.100.102.10","142.251.37.78","TCP","54","49284  >  443 [ACK] Seq=2843 Ack=54268 Win=263168 Len=0","0.000156000"
"82","0.415162","10.100.102.10","142.251.37.78","TCP","54","49284  >  443 [ACK] Seq=2843 Ack=58468 Win=263168 Len=0","0.000107000"
"86","0.416298","10.100.102.10","142.251.37.78","TCP","54","49284  >  443 [ACK] Seq=2843 Ack=62668 Win=263168 Len=0","0.000139000"
"118","0.424389","10.100.102.10","142.251.37.78","TCP","54","49284  >  443 [ACK] Seq=3539 Ack=100468 Win=263168 Len=0","0.000662000"
"125","0.425320","10.100.102.10","142.251.37.78","TCP","54","49284  >  443 [ACK] Seq=3539 Ack=108868 Win=263168 Len=0","0.000224000"
"129","0.425940","10.100.102.10","142.251.37.78","TCP","54","49284  >  443 [ACK] Seq=3539 Ack=113068 Win=263168 Len=0","0.000146000"
"133","0.426411","10.100.102.10","142.251.37.78","TCP","54","49284  >  443 [ACK] Seq=3539 Ack=117268 Win=263168 Len=0","0.000115000"
"137","0.427454","10.100.102.10","142.251.37.78","TCP","54","49284  >  443 [ACK] Seq=3539 Ack=121468 Win=263168 Len=0","0.000136000"
"138","0.430472","142.251.37.78","10.100.102.10","TCP","60","443  >  49284 [ACK] Seq=121468 Ack=3188 Win=75776 Len=0","0.009149000"
"139","0.431830","142.251.37.78","10.100.102.10","TLSv1.3","1454","Application Data","0.008171000"
"148","0.433701","10.100.102.10","142.251.37.78","TCP","54","49284  >  443 [ACK] Seq=3539 Ack=134068 Win=263168 Len=0","0.000256000"
"154","0.434295","10.100.102.10","142.251.37.78","TCP","54","49284  >  443 [ACK] Seq=3539 Ack=141068 Win=263168 Len=0","0.000150000"
"169","0.435549","10.100.102.10","142.251.37.78","TCP","54","49284  >  443 [ACK] Seq=3539 Ack=160668 Win=263168 Len=0","0.000253000"
"179","0.436677","10.100.102.10","142.251.37.78","TCP","54","49284  >  443 [ACK] Seq=3539 Ack=173268 Win=263168 Len=0","0.000189000"
"190","0.438208","10.100.102.10","142.251.37.78","TCP","54","49284  >  443 [ACK] Seq=3539 Ack=187268 Win=263168 Len=0","0.000304000"
"203","0.438681","10.100.102.10","142.251.37.78","TCP","54","49284  >  443 [ACK] Seq=3539 Ack=204068 Win=263168 Len=0","0.000225000"
"225","0.441213","10.100.102.10","142.251.37.78","TCP","54","49284  >  443 [ACK] Seq=3539 Ack=233468 Win=263168 Len=0","0.000553000"
"236","0.442765","10.100.102.10","142.251.37.78","TCP","54","49284  >  443 [ACK] Seq=3539 Ack=247468 Win=263168 Len=0","0.000502000"
"253","0.443471","10.100.102.10","142.251.37.78","TCP","54","49284  >  443 [ACK] Seq=3539 Ack=269868 Win=526336 Len=0","0.000388000"
"284","0.446932","10.100.102.10","142.251.37.78","TCP","54","49284  >  443 [ACK] Seq=3539 Ack=311868 Win=526336 Len=0","0.000530000"
"317","0.450598","10.100.102.10","142.251.37.78","TCP","54","49284  >  443 [ACK] Seq=3539 Ack=356668 Win=526336 Len=0","0.000771000"
"333","0.451035","10.100.102.10","142.251.37.78","TCP","54","49284  >  443 [ACK] Seq=3539 Ack=377668 Win=526336 Len=0","0.000273000"
"354","0.451705","10.100.102.10","142.251.37.78","TCP","54","49284  >  443 [ACK] Seq=3539 Ack=405668 Win=526336 Len=0","0.000322000"
"379","0.452496","10.100.102.10","142.251.37.78","TCP","54","49284  >  443 [ACK] Seq=3539 Ack=439268 Win=526336 Len=0","0.000363000"
"412","0.457006","10.100.102.10","142.251.37.78","TCP","54","49284  >  443 [ACK] Seq=3539 Ack=484068 Win=526336 Len=0","0.000677000"
"443","0.458043","10.100.102.10","142.251.37.78","TCP","54","49284  >  443 [ACK] Seq=3539 Ack=526068 Win=526336 Len=0","0.000788000"
"452","0.458640","10.100.102.10","142.251.37.78","TCP","54","49284  >  443 [ACK] Seq=3539 Ack=537268 Win=526336 Len=0","0.000208000"
"463","0.459088","10.100.102.10","142.251.37.78","TCP","54","49284  >  443 [ACK] Seq=3539 Ack=551268 Win=526336 Len=0","0.000244000"
"483","0.459724","10.100.102.10","142.251.37.78","TCP","54","49284  >  443 [ACK] Seq=3539 Ack=577868 Win=526336 Len=0","0.000476000"
"516","0.461438","10.100.102.10","142.251.37.78","TCP","54","49284  >  443 [ACK] Seq=3539 Ack=622668 Win=526336 Len=0","0.000693000"
"531","0.461869","10.100.102.10","142.251.37.78","TCP","54","49284  >  443 [ACK] Seq=3539 Ack=642268 Win=526336 Len=0","0.000281000"
"564","0.463003","10.100.102.10","142.251.37.78","TCP","54","49284  >  443 [ACK] Seq=3539 Ack=687068 Win=482816 Len=0","0.000639000"
"595","0.463693","10.100.102.10","142.251.37.78","TCP","54","49284  >  443 [ACK] Seq=3539 Ack=729068 Win=449024 Len=0","0.000486000"
"613","0.464257","10.100.102.10","142.251.37.78","TCP","54","49284  >  443 [ACK] Seq=3539 Ack=751468 Win=426752 Len=0","0.000293000"
"629","0.464904","10.100.102.10","142.251.37.78","TCP","54","49284  >  443 [ACK] Seq=3539 Ack=771068 Win=484352 Len=0","0.000257000"
"663","0.466471","10.100.102.10","142.251.37.78","TCP","54","49284  >  443 [ACK] Seq=3539 Ack=815868 Win=461824 Len=0","0.000767000"
"697","0.467474","10.100.102.10","142.251.37.78","TCP","54","49284  >  443 [ACK] Seq=3578 Ack=860668 Win=417024 Len=0","0.000644000"
"713","0.467988","10.100.102.10","142.251.37.78","TCP","54","49284  >  443 [ACK] Seq=3578 Ack=880268 Win=417024 Len=0","0.000259000"
"729","0.468482","10.100.102.10","142.251.37.78","TCP","54","49284  >  443 [ACK] Seq=3578 Ack=899868 Win=1013504 Len=0","0.000291000"
"762","0.469233","10.100.102.10","142.251.37.78","TCP","54","49284  >  443 [ACK] Seq=3578 Ack=944668 Win=968704 Len=0","0.000530000"
"778","0.469901","10.100.102.10","142.251.37.78","TCP","54","49284  >  443 [ACK] Seq=3578 Ack=962868 Win=1034496 Len=0","0.000265000"
"787","0.470202","10.100.102.10","142.251.37.78","TCP","54","49284  >  443 [ACK] Seq=3578 Ack=974068 Win=1023232 Len=0","0.000151000"
"814","0.470795","10.100.102.10","142.251.37.78","TCP","54","49284  >  443 [ACK] Seq=3578 Ack=1007668 Win=1019136 Len=0","0.000441000"
"849","0.475703","10.100.102.10","142.251.37.78","TCP","54","49284  >  443 [ACK] Seq=3578 Ack=1052468 Win=1052672 Len=0","0.000787000"
"882","0.476756","10.100.102.10","142.251.37.78","TCP","54","49284  >  443 [ACK] Seq=3578 Ack=1097268 Win=1028864 Len=0","0.000709000"
"917","0.477750","10.100.102.10","142.251.37.78","TCP","54","49284  >  443 [ACK] Seq=3578 Ack=1142068 Win=1024768 Len=0","0.000662000"
"952","0.478594","10.100.102.10","142.251.37.78","TCP","54","49284  >  443 [ACK] Seq=3578 Ack=1186868 Win=1016064 Len=0","0.000526000"
"974","0.479164","10.100.102.10","142.251.37.78","TCP","54","49284  >  443 [ACK] Seq=3578 Ack=1213468 Win=1026048 Len=0","0.000310000"
"982","0.481307","142.251.37.78","10.100.102.10","TCP","1454","443  >  49284 [ACK] Seq=1221868 Ack=3578 Win=80640 Len=1400 [TCP segment of a reassembled PDU]","0.014830000"
"1008","0.482022","10.100.102.10","142.251.37.78","TCP","54","49284  >  443 [ACK] Seq=3578 Ack=1258268 Win=1052672 Len=0","0.000715000"
"1041","0.482798","10.100.102.10","142.251.37.78","TCP","54","49284  >  443 [ACK] Seq=3578 Ack=1301668 Win=1052672 Len=0","0.000556000"
"1074","0.483612","10.100.102.10","142.251.37.78","TCP","54","49284  >  443 [ACK] Seq=3578 Ack=1346468 Win=1052672 Len=0","0.000525000"
"1107","0.484353","10.100.102.10","142.251.37.78","TCP","54","49284  >  443 [ACK] Seq=3578 Ack=1391268 Win=1052672 Len=0","0.000488000"
"1140","0.485166","10.100.102.10","142.251.37.78","TCP","54","49284  >  443 [ACK] Seq=3578 Ack=1436068 Win=1052672 Len=0","0.000537000"
"1173","0.485931","10.100.102.10","142.251.37.78","TCP","54","49284  >  443 [ACK] Seq=3578 Ack=1480868 Win=1052672 Len=0","0.000503000"
"1180","0.486309","10.100.102.10","142.251.37.78","TCP","54","49284  >  443 [ACK] Seq=3578 Ack=1489268 Win=1052672 Len=0","0.000142000"
"1213","0.487303","10.100.102.10","142.251.37.78","TCP","54","49284  >  443 [ACK] Seq=3578 Ack=1534068 Win=1052672 Len=0","0.000557000"
"1246","0.488027","10.100.102.10","142.251.37.78","TCP","54","49284  >  443 [ACK] Seq=3578 Ack=1578868 Win=1052672 Len=0","0.000536000"
"1268","0.488751","10.100.102.10","142.251.37.78","TCP","54","49284  >  443 [ACK] Seq=3578 Ack=1608268 Win=1052672 Len=0","0.000416000"
"1301","0.490035","10.100.102.10","142.251.37.78","TCP","54","49284  >  443 [ACK] Seq=3578 Ack=1653068 Win=1052672 Len=0","0.000835000"
"1316","0.490564","10.100.102.10","142.251.37.78","TCP","54","49284  >  443 [ACK] Seq=3578 Ack=1672668 Win=1052672 Len=0","0.000295000"
"1349","0.492429","10.100.102.10","142.251.37.78","TCP","54","49284  >  443 [ACK] Seq=3578 Ack=1717468 Win=1052672 Len=0","0.000706000"
"1382","0.493170","10.100.102.10","142.251.37.78","TCP","54","49284  >  443 [ACK] Seq=3578 Ack=1762268 Win=1052672 Len=0","0.000562000"
"1415","0.494226","10.100.102.10","142.251.37.78","TCP","54","49284  >  443 [ACK] Seq=3578 Ack=1807068 Win=1052672 Len=0","0.000791000"
"1444","0.495207","10.100.102.10","142.251.37.78","TCP","54","49284  >  443 [ACK] Seq=3578 Ack=1846268 Win=1052672 Len=0","0.000567000"
"1459","0.495832","10.100.102.10","142.251.37.78","TCP","54","49284  >  443 [ACK] Seq=3578 Ack=1865868 Win=1052672 Len=0","0.000301000"
"1492","0.498298","10.100.102.10","142.251.37.78","TCP","54","49284  >  443 [ACK] Seq=3578 Ack=1910668 Win=1052672 Len=0","0.000591000"
"1505","0.498790","10.100.102.10","142.251.37.78","TCP","54","49284  >  443 [ACK] Seq=3578 Ack=1926531 Win=1052672 Len=0","0.000265000"
"1507","1.277458","142.251.37.78","10.100.102.10","TCP","60","443  >  49284 [ACK] Seq=1926531 Ack=3741 Win=83200 Len=0","0.013364000"
"1513","1.365050","10.100.102.10","142.251.37.78","TCP","54","49284  >  443 [ACK] Seq=3741 Ack=1930399 Win=1052672 Len=0","0.000136000"
"1517","1.365540","10.100.102.10","142.251.37.78","TCP","54","49284  >  443 [ACK] Seq=3741 Ack=1930501 Win=1052672 Len=0","0.000101000"
"1519","1.373531","142.251.37.78","10.100.102.10","TCP","60","443  >  49284 [ACK] Seq=1930501 Ack=3780 Win=83200 Len=0","0.007893000"
"1527","1.376816","10.100.102.10","142.251.37.78","TCP","54","49284  >  443 [ACK] Seq=3780 Ack=1939591 Win=1052672 Len=0","0.000158000"
"1531","1.378554","10.100.102.10","142.251.37.78","TCP","54","49284  >  443 [ACK] Seq=3780 Ack=1942467 Win=1052672 Len=0","0.000104000"
"1536","1.380544","10.100.102.10","142.251.37.78","TCP","54","49284  >  443 [ACK] Seq=3780 Ack=1947228 Win=1052672 Len=0","0.000123000"
"1539","1.382374","10.100.102.10","142.251.37.78","TCP","54","49284  >  443 [ACK] Seq=3780 Ack=1949944 Win=1052672 Len=0","0.000157000"
"1542","1.384279","10.100.102.10","142.251.37.78","TCP","54","49284  >  443 [ACK] Seq=3780 Ack=1952526 Win=1052672 Len=0","0.000136000"
"1557","1.399995","10.100.102.10","142.251.37.78","TCP","54","49284  >  443 [ACK] Seq=3780 Ack=1969578 Win=1052672 Len=0","0.000270000"
"1562","1.400210","10.100.102.10","142.251.37.78","TCP","54","49284  >  443 [ACK] Seq=3780 Ack=1974856 Win=1052672 Len=0","0.000096000"
"1567","1.403090","10.100.102.10","142.251.37.78","TCP","54","49284  >  443 [ACK] Seq=3780 Ack=1979145 Win=1052672 Len=0","0.000109000"
"1570","1.405359","10.100.102.10","142.251.37.78","TCP","54","49284  >  443 [ACK] Seq=3780 Ack=1981928 Win=1052672 Len=0","0.000140000"
"1574","1.406928","10.100.102.10","142.251.37.78","TCP","54","49284  >  443 [ACK] Seq=3780 Ack=1984756 Win=1052672 Len=0","0.000116000"
"1580","1.410680","10.100.102.10","142.251.37.78","TCP","54","49284  >  443 [ACK] Seq=3780 Ack=1990677 Win=1052672 Len=0","0.000105000"
"1585","1.430674","10.100.102.10","142.251.37.78","TCP","54","49284  >  443 [ACK] Seq=3780 Ack=1994459 Win=1052672 Len=0","0.000176000"
"1588","1.431945","10.100.102.10","142.251.37.78","TCP","54","49284  >  443 [ACK] Seq=3780 Ack=1994529 Win=1052672 Len=0","0.000084000"
"1591","1.444747","142.251.37.78","10.100.102.10","TCP","60","443  >  49284 [ACK] Seq=1994529 Ack=3819 Win=83200 Len=0","0.012671000"
"1592","1.451139","142.251.37.78","10.100.102.10","TCP","60","443  >  49284 [ACK] Seq=1994529 Ack=4179 Win=85760 Len=0","0.008116000"
"1599","1.528639","10.100.102.10","142.251.37.78","TCP","54","49284  >  443 [ACK] Seq=4179 Ack=1996911 Win=1052672 Len=0","0.000160000"
"1601","1.538617","142.251.37.78","10.100.102.10","TCP","60","443  >  49284 [ACK] Seq=1996911 Ack=4218 Win=85760 Len=0","0.009653000"
"1603","1.593598","142.251.37.78","10.100.102.10","TCP","60","443  >  49284 [ACK] Seq=1996911 Ack=4548 Win=88064 Len=0","0.008540000"
"1609","1.690531","10.100.102.10","142.251.37.78","TCP","54","49284  >  443 [ACK] Seq=4548 Ack=2003140 Win=1052672 Len=0","0.000488000"
"1621","1.724605","10.100.102.10","142.251.37.78","TCP","54","49284  >  443 [ACK] Seq=4548 Ack=2017431 Win=1052672 Len=0","0.000379000"
"1626","1.726133","10.100.102.10","142.251.37.78","TCP","54","49284  >  443 [ACK] Seq=4548 Ack=2022964 Win=1052672 Len=0","0.000237000"
"1631","1.726581","10.100.102.10","142.251.37.78","TCP","54","49284  >  443 [ACK] Seq=4548 Ack=2023358 Win=1052160 Len=0","0.000129000"
"1634","1.727514","10.100.102.10","142.251.37.78","TCP","54","49284  >  443 [ACK] Seq=4548 Ack=2023529 Win=1052160 Len=0","0.000109000"
"1637","1.728447","10.100.102.10","142.251.37.78","TCP","54","49284  >  443 [ACK] Seq=4548 Ack=2023814 Win=1051904 Len=0","0.000112000"
"1641","1.728957","10.100.102.10","142.251.37.78","TCP","54","49284  >  443 [ACK] Seq=4548 Ack=2024122 Win=1051392 Len=0","0.000100000"
"1646","1.729906","10.100.102.10","142.251.37.78","TCP","54","49284  >  443 [ACK] Seq=4548 Ack=2026376 Win=1052672 Len=0","0.000139000"
"1652","1.733011","10.100.102.10","142.251.37.78","TCP","54","49284  >  443 [ACK] Seq=4548 Ack=2032141 Win=1052672 Len=0","0.000168000"
"1659","1.734661","10.100.102.10","142.251.37.78","TCP","54","49284  >  443 [ACK] Seq=4548 Ack=2039182 Win=1052672 Len=0","0.000174000"
"1663","1.735600","10.100.102.10","142.251.37.78","TCP","54","49284  >  443 [ACK] Seq=4548 Ack=2039284 Win=1052672 Len=0","0.000093000"
"1667","1.744268","142.251.37.78","10.100.102.10","TCP","60","443  >  49284 [ACK] Seq=2039284 Ack=4587 Win=88064 Len=0","0.008466000"
"1668","1.745691","142.251.37.78","10.100.102.10","TCP","60","443  >  49284 [ACK] Seq=2039284 Ack=5916 Win=90880 Len=0","0.008727000"
"1669","1.745691","142.251.37.78","10.100.102.10","TCP","60","443  >  49284 [ACK] Seq=2039284 Ack=6354 Win=93696 Len=0","0.008213000"
"1702","1.748123","10.100.102.10","142.251.37.78","TCP","54","49284  >  443 [ACK] Seq=6354 Ack=2078105 Win=1052672 Len=0","0.000454000"
"1736","1.749128","10.100.102.10","142.251.37.78","TLSv1.3","205","Application Data","0.000522000"
"1771","1.749960","10.100.102.10","142.251.37.78","TCP","54","49284  >  443 [ACK] Seq=6694 Ack=2163015 Win=1052672 Len=0","0.000385000"
"1805","1.750440","10.100.102.10","142.251.37.78","TCP","54","49284  >  443 [ACK] Seq=6694 Ack=2207421 Win=1052672 Len=0","0.000313000"
"1840","1.751757","10.100.102.10","142.251.37.78","TCP","54","49284  >  443 [ACK] Seq=6996 Ack=2251119 Win=1052672 Len=0","0.000423000"
"1873","1.752383","10.100.102.10","142.251.37.78","TCP","54","49284  >  443 [ACK] Seq=6996 Ack=2295919 Win=1052672 Len=0","0.000452000"
"1906","1.753349","10.100.102.10","142.251.37.78","TCP","54","49284  >  443 [ACK] Seq=6996 Ack=2340719 Win=1052672 Len=0","0.000354000"
"1939","1.753921","10.100.102.10","142.251.37.78","TCP","54","49284  >  443 [ACK] Seq=6996 Ack=2385519 Win=1052672 Len=0","0.000386000"
"1972","1.754484","10.100.102.10","142.251.37.78","TCP","54","49284  >  443 [ACK] Seq=6996 Ack=2430319 Win=1052672 Len=0","0.000397000"
"2005","1.755294","10.100.102.10","142.251.37.78","TCP","54","49284  >  443 [ACK] Seq=6996 Ack=2475119 Win=1052672 Len=0","0.000555000"
"2038","1.756945","10.100.102.10","142.251.37.78","TCP","54","49284  >  443 [ACK] Seq=6996 Ack=2519919 Win=1052672 Len=0","0.000680000"
"2071","1.758113","10.100.102.10","142.251.37.78","TCP","54","49284  >  443 [ACK] Seq=6996 Ack=2564719 Win=1052672 Len=0","0.000636000"
"2104","1.760071","10.100.102.10","142.251.37.78","TCP","54","49284  >  443 [ACK] Seq=6996 Ack=2609519 Win=1052672 Len=0","0.000558000"
"2137","1.760791","10.100.102.10","142.251.37.78","TCP","54","49284  >  443 [ACK] Seq=6996 Ack=2654319 Win=1052672 Len=0","0.000486000"
"2170","1.761676","10.100.102.10","142.251.37.78","TCP","54","49284  >  443 [ACK] Seq=6996 Ack=2699119 Win=1052672 Len=0","0.000438000"
"2203","1.762440","10.100.102.10","142.251.37.78","TCP","54","49284  >  443 [ACK] Seq=6996 Ack=2743919 Win=1052672 Len=0","0.000492000"
"2236","1.763396","10.100.102.10","142.251.37.78","TCP","54","49284  >  443 [ACK] Seq=6996 Ack=2788719 Win=1052672 Len=0","0.000511000"
"2246","1.763595","142.251.37.78","10.100.102.10","TCP","1454","443  >  49284 [ACK] Seq=2801319 Ack=6504 Win=96256 Len=1400 [TCP segment of a reassembled PDU]","0.015460000"
"2266","1.764039","10.100.102.10","142.251.37.78","TCP","54","49284  >  443 [ACK] Seq=6996 Ack=2829319 Win=1052672 Len=0","0.000444000"
"2288","1.765397","142.251.37.78","10.100.102.10","TCP","1454","443  >  49284 [ACK] Seq=2857319 Ack=6655 Win=98816 Len=1400 [TCP segment of a reassembled PDU]","0.016269000"
"2294","1.765397","142.251.37.78","10.100.102.10","TCP","1454","443  >  49284 [ACK] Seq=2865719 Ack=6694 Win=98816 Len=1400 [TCP segment of a reassembled PDU]","0.015945000"
"2299","1.765823","10.100.102.10","142.251.37.78","TCP","54","49284  >  443 [ACK] Seq=6996 Ack=2872719 Win=1052672 Len=0","0.000426000"
"2323","1.766011","142.251.37.78","10.100.102.10","TCP","60","443  >  49284 [ACK] Seq=2900972 Ack=6996 Win=104192 Len=0","0.015004000"
"2332","1.766457","10.100.102.10","142.251.37.78","TCP","54","49284  >  443 [ACK] Seq=6996 Ack=2908696 Win=1052672 Len=0","0.000446000"
"2355","1.766886","10.100.102.10","142.251.37.78","TCP","54","49284  >  443 [ACK] Seq=6996 Ack=2936562 Win=1052672 Len=0","0.000264000"
"2357","1.783339","142.251.37.78","10.100.102.10","TCP","60","443  >  49284 [ACK] Seq=2936562 Ack=7035 Win=104192 Len=0","0.016377000"
"2360","1.793562","142.251.37.78","10.100.102.10","TCP","60","443  >  49284 [ACK] Seq=2936562 Ack=7184 Win=106752 Len=0","0.009717000"
"2361","1.793562","142.251.37.78","10.100.102.10","TCP","60","443  >  49284 [ACK] Seq=2936562 Ack=7322 Win=109568 Len=0","0.008845000"
"2392","1.794083","10.100.102.10","142.251.37.78","TCP","54","49284  >  443 [ACK] Seq=7322 Ack=2973801 Win=1052672 Len=0","0.000521000"
"2395","1.794374","10.100.102.10","142.251.37.78","TCP","54","49284  >  443 [ACK] Seq=7322 Ack=2976601 Win=1052672 Len=0","0.000084000"
"2428","1.796399","10.100.102.10","142.251.37.78","TCP","54","49284  >  443 [ACK] Seq=7322 Ack=3017702 Win=1052672 Len=0","0.000595000"
"2431","1.813933","142.251.37.78","10.100.102.10","TCP","60","443  >  49284 [ACK] Seq=3018747 Ack=7361 Win=109568 Len=0","0.017338000"
"2432","1.850747","10.100.102.10","142.251.37.78","TCP","54","49284  >  443 [ACK] Seq=7361 Ack=3018747 Win=1051648 Len=0","0.051579000"
"2436","3.491889","142.251.37.78","10.100.102.10","TCP","60","443  >  49284 [ACK] Seq=3018747 Ack=7630 Win=112128 Len=0","0.010534000"
"2437","3.493110","142.251.37.78","10.100.102.10","TCP","60","443  >  49284 [ACK] Seq=3018747 Ack=7762 Win=114944 Len=0","0.007368000"
"2439","3.494218","142.251.37.78","10.100.102.10","TCP","60","443  >  49284 [ACK] Seq=3018747 Ack=7891 Win=117504 Len=0","0.008143000"
"2440","3.501143","142.251.37.78","10.100.102.10","TCP","60","443  >  49284 [ACK] Seq=3018747 Ack=8022 Win=120064 Len=0","0.007826000"
"2471","3.627498","10.100.102.10","142.251.37.78","TCP","54","49284  >  443 [ACK] Seq=8022 Ack=3046273 Win=1052672 Len=0","0.001032000"
"2473","3.636387","142.251.37.78","10.100.102.10","TCP","60","443  >  49284 [ACK] Seq=3046273 Ack=8061 Win=120064 Len=0","0.008212000"
"2476","3.670707","142.251.37.78","10.100.102.10","TCP","60","443  >  49284 [ACK] Seq=3046273 Ack=8235 Win=122880 Len=0","0.008593000"
"2477","3.670707","142.251.37.78","10.100.102.10","TCP","60","443  >  49284 [ACK] Seq=3046273 Ack=8371 Win=125184 Len=0","0.007912000"
"2484","3.676855","10.100.102.10","142.251.37.78","TCP","54","49284  >  443 [ACK] Seq=8371 Ack=3049581 Win=1052672 Len=0","0.000282000"
"2486","3.690940","142.251.37.78","10.100.102.10","TCP","60","443  >  49284 [ACK] Seq=3049581 Ack=8410 Win=125184 Len=0","0.012892000"
"2488","4.379171","142.251.37.78","10.100.102.10","TCP","60","443  >  49284 [ACK] Seq=3049581 Ack=9072 Win=125184 Len=0","0.010869000"
"2490","4.542044","142.251.37.78","10.100.102.10","TCP","60","443  >  49284 [ACK] Seq=3049581 Ack=10403 Win=125184 Len=0","0.009647000"
"2494","4.554804","10.100.102.10","142.251.37.78","TCP","54","49284  >  443 [ACK] Seq=10403 Ack=3051139 Win=1052672 Len=0","0.000147000"
"2497","4.555678","10.100.102.10","142.251.37.78","TCP","54","49284  >  443 [ACK] Seq=10403 Ack=3051209 Win=1052672 Len=0","0.000120000"
"2499","4.570011","142.251.37.78","10.100.102.10","TCP","60","443  >  49284 [ACK] Seq=3051209 Ack=10442 Win=125184 Len=0","0.014200000"
"2507","4.625939","10.100.102.10","142.251.37.78","TCP","54","49284  >  443 [ACK] Seq=10442 Ack=3055099 Win=1052672 Len=0","0.000362000"
"2509","4.635432","142.251.37.78","10.100.102.10","TCP","60","443  >  49284 [ACK] Seq=3055099 Ack=10481 Win=125184 Len=0","0.008500000"
"2516","4.840282","142.251.37.78","10.100.102.10","TCP","60","443  >  49284 [ACK] Seq=3055099 Ack=11481 Win=125184 Len=0","0.008622000"
"2517","4.840282","142.251.37.78","10.100.102.10","TCP","60","443  >  49284 [ACK] Seq=3055099 Ack=12881 Win=125184 Len=0","0.008508000"
"2518","4.840282","142.251.37.78","10.100.102.10","TCP","60","443  >  49284 [ACK] Seq=3055099 Ack=14152 Win=125184 Len=0","0.008508000"
"2519","4.841786","142.251.37.78","10.100.102.10","TCP","60","443  >  49284 [ACK] Seq=3055099 Ack=14861 Win=125184 Len=0","0.009539000"
"2520","4.841786","142.251.37.78","10.100.102.10","TCP","60","443  >  49284 [ACK] Seq=3055099 Ack=16261 Win=125184 Len=0","0.009439000"
"2521","4.841786","142.251.37.78","10.100.102.10","TCP","60","443  >  49284 [ACK] Seq=3055099 Ack=17511 Win=125184 Len=0","0.009439000"
"2534","4.917306","10.100.102.10","142.251.37.78","TCP","54","49284  >  443 [ACK] Seq=17511 Ack=3070883 Win=1052672 Len=0","0.000182000"
"2539","4.918398","10.100.102.10","142.251.37.78","TCP","54","49284  >  443 [ACK] Seq=17511 Ack=3072449 Win=1052672 Len=0","0.000102000"
"2541","4.925967","142.251.37.78","10.100.102.10","TCP","60","443  >  49284 [ACK] Seq=3072449 Ack=17550 Win=125184 Len=0","0.007387000"
"2555","4.965167","10.100.102.10","142.251.37.78","TCP","54","49284  >  443 [ACK] Seq=17550 Ack=3086184 Win=1052672 Len=0","0.000239000"
"2557","4.978039","142.251.37.78","10.100.102.10","TCP","60","443  >  49284 [ACK] Seq=3086184 Ack=17589 Win=125184 Len=0","0.012346000"
"2560","7.343688","142.251.37.78","10.100.102.10","TCP","60","443  >  49284 [ACK] Seq=3086184 Ack=18989 Win=125184 Len=0","0.010608000"
"2561","7.343688","142.251.37.78","10.100.102.10","TCP","60","443  >  49284 [ACK] Seq=3086184 Ack=19475 Win=125184 Len=0","0.010608000"
"2568","7.424675","10.100.102.10","142.251.37.78","TCP","54","49284  >  443 [ACK] Seq=19475 Ack=3088536 Win=1052672 Len=0","0.000191000"
"2570","7.436872","142.251.37.78","10.100.102.10","TCP","60","443  >  49284 [ACK] Seq=3088536 Ack=19514 Win=125184 Len=0","0.011442000"
"2573","7.468306","142.251.37.78","10.100.102.10","TCP","60","443  >  49284 [ACK] Seq=3088536 Ack=20469 Win=125184 Len=0","0.007947000"
"2574","7.468306","142.251.37.78","10.100.102.10","TCP","60","443  >  49284 [ACK] Seq=3088536 Ack=21005 Win=125184 Len=0","0.007781000"
"2579","7.985652","10.100.102.10","142.251.37.78","TCP","54","49284  >  443 [ACK] Seq=21005 Ack=3089989 Win=1052672 Len=0","0.000155000"
"2582","7.997097","142.251.37.78","10.100.102.10","TCP","60","443  >  49284 [ACK] Seq=3089989 Ack=21044 Win=125184 Len=0","0.010794000"
"2583","7.997187","10.100.102.10","142.251.37.78","TCP","66","[TCP Dup ACK 2579#1] 49284  >  443 [ACK] Seq=21044 Ack=3089989 Win=1052672 Len=0 SLE=3089950 SRE=3089989","0.000090000"
"2588","8.506868","142.251.37.78","10.100.102.10","TCP","60","443  >  49284 [ACK] Seq=3089989 Ack=22444 Win=125184 Len=0","0.010364000"
"2589","8.506868","142.251.37.78","10.100.102.10","TCP","60","443  >  49284 [ACK] Seq=3089989 Ack=23325 Win=125184 Len=0","0.010364000"
"2590","8.507377","142.251.37.78","10.100.102.10","TCP","60","443  >  49284 [ACK] Seq=3089989 Ack=24725 Win=125184 Len=0","0.010742000"
"2591","8.507377","142.251.37.78","10.100.102.10","TCP","60","443  >  49284 [ACK] Seq=3089989 Ack=26036 Win=125184 Len=0","0.010742000"
"2595","8.583633","10.100.102.10","142.251.37.78","TCP","54","49284  >  443 [ACK] Seq=26036 Ack=3091541 Win=1052672 Len=0","0.000123000"
"2597","8.584131","10.100.102.10","142.251.37.78","TCP","54","49284  >  443 [ACK] Seq=26036 Ack=3091580 Win=1052672 Len=0","0.000086000"
"2599","8.592088","142.251.37.78","10.100.102.10","TCP","60","443  >  49284 [ACK] Seq=3091580 Ack=26075 Win=125184 Len=0","0.007902000"
"2601","8.780769","142.251.37.78","10.100.102.10","TCP","60","443  >  49284 [ACK] Seq=3091580 Ack=26444 Win=125184 Len=0","0.014731000"
"2603","8.784150","10.100.102.10","142.251.37.78","TLSv1.3","93","Application Data","0.003381000"
"2604","8.804709","142.251.37.78","10.100.102.10","TCP","60","443  >  49284 [ACK] Seq=3091662 Ack=26483 Win=125184 Len=0","0.020559000"
"2606","8.873271","142.251.37.78","10.100.102.10","TCP","60","443  >  49284 [ACK] Seq=3091662 Ack=26735 Win=125184 Len=0","0.007755000"
"2608","8.874326","10.100.102.10","142.251.37.78","TLSv1.3","93","Application Data","0.000460000"
"2609","8.887470","142.251.37.78","10.100.102.10","TCP","60","443  >  49284 [ACK] Seq=3091742 Ack=26774 Win=125184 Len=0","0.013144000"
"2614","9.703169","142.251.37.78","10.100.102.10","TCP","60","443  >  49284 [ACK] Seq=3091742 Ack=28174 Win=125184 Len=0","0.008029000"
"2615","9.703169","142.251.37.78","10.100.102.10","TCP","60","443  >  49284 [ACK] Seq=3091742 Ack=29074 Win=125184 Len=0","0.008029000"
"2616","9.704761","142.251.37.78","10.100.102.10","TCP","60","443  >  49284 [ACK] Seq=3091742 Ack=30474 Win=125184 Len=0","0.009529000"
"2617","9.704761","142.251.37.78","10.100.102.10","TCP","60","443  >  49284 [ACK] Seq=3091742 Ack=31828 Win=125184 Len=0","0.009529000"
"2636","9.790266","10.100.102.10","142.251.37.78","TCP","54","49284  >  443 [ACK] Seq=31828 Ack=3113868 Win=1052672 Len=0","0.000742000"
"2639","9.790668","10.100.102.10","142.251.37.78","TCP","54","49284  >  443 [ACK] Seq=31828 Ack=3113938 Win=1052672 Len=0","0.000115000"
"2641","9.799268","142.251.37.78","10.100.102.10","TCP","60","443  >  49284 [ACK] Seq=3113938 Ack=31867 Win=125184 Len=0","0.007939000"
"2643","13.412519","172.217.22.110","10.100.102.10","TCP","66","443  >  49299 [SYN, ACK] Seq=0 Ack=1 Win=65535 Len=0 MSS=1400 SACK_PERM WS=256","0.010028000"
"2644","13.412689","10.100.102.10","172.217.22.110","TCP","54","49299  >  443 [ACK] Seq=1 Ack=1 Win=263168 Len=0","0.000170000"
"2646","13.422393","172.217.22.110","10.100.102.10","TCP","60","443  >  49299 [ACK] Seq=1 Ack=660 Win=65024 Len=0","0.008678000"
"2652","13.475172","10.100.102.10","172.217.22.110","TCP","54","49299  >  443 [ACK] Seq=660 Ack=6838 Win=263168 Len=0","0.000196000"
"2656","13.489350","172.217.22.110","10.100.102.10","TCP","60","443  >  49299 [ACK] Seq=6838 Ack=724 Win=65536 Len=0","0.008119000"
"2658","13.490066","172.217.22.110","10.100.102.10","TCP","60","443  >  49299 [ACK] Seq=7452 Ack=1206 Win=65536 Len=0","0.007958000"
"2659","13.490564","10.100.102.10","172.217.22.110","TLSv1.3","85","Application Data","0.001214000"
"2661","13.503720","172.217.22.110","10.100.102.10","TCP","60","443  >  49299 [ACK] Seq=7483 Ack=1237 Win=65536 Len=0","0.013156000"
"2662","13.532419","10.100.102.10","172.217.22.110","TCP","54","49299  >  443 [ACK] Seq=1237 Ack=7483 Win=262400 Len=0","0.041545000"
"2666","13.559173","10.100.102.10","172.217.22.110","TCP","54","49299  >  443 [ACK] Seq=1237 Ack=8420 Win=263168 Len=0","0.000147000"
"2668","13.567804","172.217.22.110","10.100.102.10","TCP","60","443  >  49299 [ACK] Seq=8420 Ack=1276 Win=65536 Len=0","0.008386000"
"2672","13.583338","142.251.37.78","10.100.102.10","TCP","60","443  >  49284 [ACK] Seq=3113938 Ack=32336 Win=125184 Len=0","0.010795000"
"2673","13.583338","142.251.37.78","10.100.102.10","TCP","60","443  >  49284 [ACK] Seq=3113938 Ack=33736 Win=125184 Len=0","0.010359000"
"2674","13.583338","142.251.37.78","10.100.102.10","TCP","60","443  >  49284 [ACK] Seq=3113938 Ack=34997 Win=125184 Len=0","0.010359000"
"2680","13.656948","10.100.102.10","142.251.37.78","TCP","54","49284  >  443 [ACK] Seq=34997 Ack=3119301 Win=1052672 Len=0","0.000133000"
"2683","13.657718","10.100.102.10","142.251.37.78","TCP","54","49284  >  443 [ACK] Seq=34997 Ack=3119371 Win=1052672 Len=0","0.000090000"
"2685","13.666265","142.251.37.78","10.100.102.10","TCP","60","443  >  49284 [ACK] Seq=3119371 Ack=35036 Win=125184 Len=0","0.008345000"
"2688","14.032551","142.251.37.78","10.100.102.10","TCP","60","443  >  49284 [ACK] Seq=3119371 Ack=36436 Win=125184 Len=0","0.009832000"
"2689","14.032814","142.251.37.78","10.100.102.10","TCP","60","443  >  49284 [ACK] Seq=3119371 Ack=36612 Win=125184 Len=0","0.010095000"
"2691","14.033209","10.100.102.10","142.251.37.78","TLSv1.3","93","Application Data","0.000395000"
"2692","14.046585","142.251.37.78","10.100.102.10","TCP","60","443  >  49284 [ACK] Seq=3119450 Ack=36651 Win=125184 Len=0","0.013376000"
"2694","14.161844","142.251.37.78","10.100.102.10","TCP","60","443  >  49284 [ACK] Seq=3119450 Ack=36771 Win=125184 Len=0","0.010166000"
"2696","14.162420","10.100.102.10","142.251.37.78","TLSv1.3","93","Application Data","0.000576000"
"2697","14.176753","142.251.37.78","10.100.102.10","TCP","60","443  >  49284 [ACK] Seq=3119529 Ack=36810 Win=125184 Len=0","0.014333000"
"2702","15.575546","142.251.37.78","10.100.102.10","TCP","60","443  >  49284 [ACK] Seq=3119529 Ack=37508 Win=125184 Len=0","0.007742000"
"2703","15.576146","142.251.37.78","10.100.102.10","TCP","60","443  >  49284 [ACK] Seq=3119529 Ack=38908 Win=125184 Len=0","0.008195000"
"2704","15.576146","142.251.37.78","10.100.102.10","TCP","60","443  >  49284 [ACK] Seq=3119529 Ack=40308 Win=125184 Len=0","0.008195000"
"2705","15.578015","142.251.37.78","10.100.102.10","TCP","60","443  >  49284 [ACK] Seq=3119529 Ack=40859 Win=125184 Len=0","0.010064000"
"2734","15.813453","10.100.102.10","142.251.37.78","TCP","66","49284  >  443 [ACK] Seq=40859 Ack=3152284 Win=1052672 Len=0 SLE=3152245 SRE=3152284","0.000395000"
"2736","15.824133","142.251.37.78","10.100.102.10","TCP","60","443  >  49284 [ACK] Seq=3152284 Ack=40898 Win=125184 Len=0","0.009940000"
"2739","20.067364","142.251.37.78","10.100.102.10","TCP","60","443  >  49284 [ACK] Seq=3152284 Ack=42298 Win=125184 Len=0","0.011287000"
"2740","20.067364","142.251.37.78","10.100.102.10","TCP","60","443  >  49284 [ACK] Seq=3152284 Ack=43144 Win=125184 Len=0","0.011287000"
"2742","20.124152","142.251.37.78","10.100.102.10","TCP","60","443  >  49284 [ACK] Seq=3152284 Ack=43179 Win=125184 Len=0","0.008294000"
"2747","20.177219","142.251.37.78","10.100.102.10","TCP","60","443  >  49284 [ACK] Seq=3152284 Ack=44010 Win=125184 Len=0","0.008218000"
"2748","20.177219","142.251.37.78","10.100.102.10","TCP","60","443  >  49284 [ACK] Seq=3152284 Ack=45410 Win=125184 Len=0","0.007968000"
"2749","20.178783","142.251.37.78","10.100.102.10","TCP","60","443  >  49284 [ACK] Seq=3152284 Ack=46810 Win=125184 Len=0","0.009532000"
"2750","20.178783","142.251.37.78","10.100.102.10","TCP","60","443  >  49284 [ACK] Seq=3152284 Ack=47316 Win=125184 Len=0","0.009532000"
"2763","20.271805","10.100.102.10","142.251.37.78","TCP","54","49284  >  443 [ACK] Seq=47316 Ack=3168046 Win=1052672 Len=0","0.000209000"
"2780","20.273069","10.100.102.10","142.251.37.78","TCP","54","49284  >  443 [ACK] Seq=47316 Ack=3186763 Win=1052672 Len=0","0.000237000"
"2782","20.273439","10.100.102.10","142.251.37.78","TLSv1.3","93","Application Data","0.000211000"
"2783","20.281332","142.251.37.78","10.100.102.10","TCP","60","443  >  49284 [ACK] Seq=3186802 Ack=47355 Win=125184 Len=0","0.007893000"
"2786","20.402295","142.251.37.78","10.100.102.10","TCP","60","443  >  49284 [ACK] Seq=3186802 Ack=48755 Win=125184 Len=0","0.009379000"
"2787","20.402295","142.251.37.78","10.100.102.10","TCP","60","443  >  49284 [ACK] Seq=3186802 Ack=49596 Win=125184 Len=0","0.009379000"
"2792","20.467565","10.100.102.10","142.251.37.78","TCP","54","49284  >  443 [ACK] Seq=49596 Ack=3190573 Win=1052672 Len=0","0.000188000"
"2795","20.470433","10.100.102.10","142.251.37.78","TCP","54","49284  >  443 [ACK] Seq=49596 Ack=3190796 Win=1052416 Len=0","0.000097000"
"2797","20.478243","142.251.37.78","10.100.102.10","TCP","60","443  >  49284 [ACK] Seq=3190796 Ack=49635 Win=125184 Len=0","0.007672000"
"2799","21.931783","142.251.37.78","10.100.102.10","TCP","60","443  >  49284 [ACK] Seq=3190796 Ack=50633 Win=125184 Len=0","0.010197000"
"2801","21.952665","142.251.37.78","10.100.102.10","TCP","60","443  >  49284 [ACK] Seq=3190796 Ack=50668 Win=125184 Len=0","0.011446000"
"2804","22.024596","142.251.37.78","10.100.102.10","TCP","60","443  >  49284 [ACK] Seq=3190796 Ack=52068 Win=125184 Len=0","0.009493000"
"2805","22.024596","142.251.37.78","10.100.102.10","TCP","60","443  >  49284 [ACK] Seq=3190796 Ack=52912 Win=125184 Len=0","0.009493000"
"2807","22.045652","142.251.37.78","10.100.102.10","TCP","60","443  >  49284 [ACK] Seq=3190796 Ack=52947 Win=125184 Len=0","0.007859000"
"2809","24.123521","142.251.37.78","10.100.102.10","TCP","60","443  >  49284 [ACK] Seq=3190796 Ack=53938 Win=125184 Len=0","0.009353000"
"2823","24.246810","10.100.102.10","142.251.37.78","TCP","54","49284  >  443 [ACK] Seq=53938 Ack=3206790 Win=1052672 Len=0","0.000269000"
"2836","24.283472","10.100.102.10","142.251.37.78","TCP","54","49284  >  443 [ACK] Seq=53938 Ack=3223506 Win=1052672 Len=0","0.000186000"
"2849","24.297987","10.100.102.10","142.251.37.78","TCP","54","49284  >  443 [ACK] Seq=53938 Ack=3240305 Win=1052672 Len=0","0.000204000"
"2861","24.312365","10.100.102.10","142.251.37.78","TCP","54","49284  >  443 [ACK] Seq=53938 Ack=3252855 Win=1052672 Len=0","0.000203000"
"2863","24.320408","142.251.37.78","10.100.102.10","TCP","60","443  >  49284 [ACK] Seq=3252855 Ack=53977 Win=125184 Len=0","0.007891000"
"2867","24.771867","142.251.37.78","10.100.102.10","TCP","60","443  >  49284 [ACK] Seq=3252855 Ack=55377 Win=125184 Len=0","0.009441000"
"2868","24.771867","142.251.37.78","10.100.102.10","TCP","60","443  >  49284 [ACK] Seq=3252855 Ack=56777 Win=125184 Len=0","0.009441000"
"2869","24.771867","142.251.37.78","10.100.102.10","TCP","60","443  >  49284 [ACK] Seq=3252855 Ack=56849 Win=125184 Len=0","0.009441000"
"2873","24.839357","10.100.102.10","142.251.37.78","TCP","54","49284  >  443 [ACK] Seq=56849 Ack=3253030 Win=1052416 Len=0","0.000155000"
"2875","24.847166","142.251.37.78","10.100.102.10","TCP","60","443  >  49284 [ACK] Seq=3253030 Ack=56888 Win=125184 Len=0","0.007586000"
"2878","25.617307","142.251.37.78","10.100.102.10","TCP","60","443  >  49284 [ACK] Seq=3253030 Ack=57872 Win=125184 Len=0","0.007623000"
"2879","25.619645","142.251.37.78","10.100.102.10","TCP","60","443  >  49284 [ACK] Seq=3253030 Ack=58593 Win=125184 Len=0","0.008075000"
"2883","25.680720","10.100.102.10","142.251.37.78","TCP","54","49284  >  443 [ACK] Seq=58593 Ack=3253173 Win=1052416 Len=0","0.000171000"
"2887","25.682991","10.100.102.10","142.251.37.78","TCP","54","49284  >  443 [ACK] Seq=58632 Ack=3253277 Win=1052160 Len=0","0.000156000"
"2888","25.689219","142.251.37.78","10.100.102.10","TCP","60","443  >  49284 [ACK] Seq=3253277 Ack=58632 Win=125184 Len=0","0.007996000"
"2890","26.045452","142.251.37.78","10.100.102.10","TCP","60","443  >  49284 [ACK] Seq=3253277 Ack=59244 Win=125184 Len=0","0.008284000"
"2903","26.163711","10.100.102.10","142.251.37.78","TCP","54","49284  >  443 [ACK] Seq=59244 Ack=3268753 Win=1052672 Len=0","0.000239000"
"2918","26.211148","10.100.102.10","142.251.37.78","TCP","54","49284  >  443 [ACK] Seq=59244 Ack=3286224 Win=1052672 Len=0","0.000235000"
"2932","26.233057","10.100.102.10","142.251.37.78","TCP","54","49284  >  443 [ACK] Seq=59244 Ack=3303056 Win=1052672 Len=0","0.000162000"
"2944","26.247417","10.100.102.10","142.251.37.78","TCP","54","49284  >  443 [ACK] Seq=59244 Ack=3315662 Win=1052672 Len=0","0.000201000"
"2946","26.258286","142.251.37.78","10.100.102.10","TCP","60","443  >  49284 [ACK] Seq=3315662 Ack=59283 Win=125184 Len=0","0.010664000"
"2957","26.555021","142.251.37.78","10.100.102.10","TCP","60","443  >  49284 [ACK] Seq=3315662 Ack=60683 Win=125184 Len=0","0.010417000"
"2958","26.555021","142.251.37.78","10.100.102.10","TCP","60","443  >  49284 [ACK] Seq=3315662 Ack=60710 Win=125184 Len=0","0.010417000"
"2959","26.555021","142.251.37.78","10.100.102.10","TCP","60","443  >  49284 [ACK] Seq=3315662 Ack=62110 Win=125184 Len=0","0.010295000"
"2960","26.555250","142.251.37.78","10.100.102.10","TCP","60","443  >  49284 [ACK] Seq=3315662 Ack=63510 Win=125184 Len=0","0.010524000"
"2961","26.555250","142.251.37.78","10.100.102.10","TCP","60","443  >  49284 [ACK] Seq=3315662 Ack=63966 Win=125184 Len=0","0.010524000"
"2962","26.555250","142.251.37.78","10.100.102.10","TCP","60","443  >  49284 [ACK] Seq=3315662 Ack=65366 Win=125184 Len=0","0.009038000"
"2963","26.555250","142.251.37.78","10.100.102.10","TCP","60","443  >  49284 [ACK] Seq=3315662 Ack=65531 Win=125184 Len=0","0.009038000"
"2964","26.556556","142.251.37.78","10.100.102.10","TCP","60","443  >  49284 [ACK] Seq=3315662 Ack=66931 Win=125184 Len=0","0.010247000"
"2965","26.556556","142.251.37.78","10.100.102.10","TCP","60","443  >  49284 [ACK] Seq=3315662 Ack=68331 Win=125184 Len=0","0.010247000"
"2966","26.556556","142.251.37.78","10.100.102.10","TCP","60","443  >  49284 [ACK] Seq=3315662 Ack=68541 Win=125184 Len=0","0.010247000"
"2969","26.643392","142.251.37.78","10.100.102.10","TCP","60","443  >  49284 [ACK] Seq=3315662 Ack=69941 Win=128000 Len=0","0.011242000"
"2970","26.643392","142.251.37.78","10.100.102.10","TCP","60","443  >  49284 [ACK] Seq=3315662 Ack=70758 Win=130816 Len=0","0.011242000"
"2984","26.763239","10.100.102.10","142.251.37.78","TCP","54","49284  >  443 [ACK] Seq=70758 Ack=3331806 Win=1052672 Len=0","0.000226000"
"2997","26.801013","10.100.102.10","142.251.37.78","TCP","54","49284  >  443 [ACK] Seq=70758 Ack=3348519 Win=1052672 Len=0","0.000510000"
"3010","26.824217","10.100.102.10","142.251.37.78","TCP","54","49284  >  443 [ACK] Seq=70758 Ack=3365227 Win=1052672 Len=0","0.000422000"
"3022","26.837169","10.100.102.10","142.251.37.78","TCP","54","49284  >  443 [ACK] Seq=70758 Ack=3377742 Win=1052672 Len=0","0.000190000"
"3024","26.859135","142.251.37.78","10.100.102.10","TCP","60","443  >  49284 [ACK] Seq=3377742 Ack=70797 Win=130816 Len=0","0.021628000"
"3037","26.916878","10.100.102.10","142.251.37.78","TCP","54","49284  >  443 [ACK] Seq=70797 Ack=3393510 Win=1052672 Len=0","0.000251000"
"3051","26.920926","10.100.102.10","142.251.37.78","TCP","54","49284  >  443 [ACK] Seq=70797 Ack=3410436 Win=1052672 Len=0","0.000262000"
"3064","26.923838","10.100.102.10","142.251.37.78","TCP","54","49284  >  443 [ACK] Seq=70797 Ack=3427093 Win=1052672 Len=0","0.000274000"
"3077","26.928112","10.100.102.10","142.251.37.78","TCP","54","49284  >  443 [ACK] Seq=70797 Ack=3443397 Win=1052672 Len=0","0.000341000"
"3104","26.980321","10.100.102.10","142.251.37.78","TCP","54","49284  >  443 [ACK] Seq=70797 Ack=3477098 Win=1052672 Len=0","0.000488000"
"3128","26.987481","10.100.102.10","142.251.37.78","TCP","54","49284  >  443 [ACK] Seq=70797 Ack=3509298 Win=1052672 Len=0","0.000251000"
"3130","26.987679","10.100.102.10","142.251.37.78","TCP","54","49284  >  443 [ACK] Seq=70797 Ack=3510412 Win=1051648 Len=0","0.000053000"
"3142","26.992554","10.100.102.10","142.251.37.78","TCP","54","49284  >  443 [ACK] Seq=70797 Ack=3522020 Win=1052672 Len=0","0.000479000"
"3144","27.000408","142.251.37.78","10.100.102.10","TCP","60","443  >  49284 [ACK] Seq=3522020 Ack=70836 Win=130816 Len=0","0.007453000"
"3169","27.201866","10.100.102.10","142.251.37.78","TCP","54","49284  >  443 [ACK] Seq=70836 Ack=3553425 Win=1052672 Len=0","0.000335000"
"3183","27.202593","10.100.102.10","142.251.37.78","TCP","54","49284  >  443 [ACK] Seq=70836 Ack=3571339 Win=1052672 Len=0","0.000224000"
"3196","27.204219","10.100.102.10","142.251.37.78","TCP","54","49284  >  443 [ACK] Seq=70836 Ack=3587643 Win=1052672 Len=0","0.000230000"
"3204","27.253993","10.100.102.10","142.251.37.78","TCP","54","49284  >  443 [ACK] Seq=70836 Ack=3592953 Win=1052672 Len=0","0.000179000"
"3206","27.262091","142.251.37.78","10.100.102.10","TCP","60","443  >  49284 [ACK] Seq=3592953 Ack=70875 Win=130816 Len=0","0.007797000"
"3209","27.311718","142.251.37.78","10.100.102.10","TCP","60","443  >  49284 [ACK] Seq=3592953 Ack=72275 Win=133632 Len=0","0.008201000"
"3210","27.311718","142.251.37.78","10.100.102.10","TCP","60","443  >  49284 [ACK] Seq=3592953 Ack=72412 Win=136448 Len=0","0.008201000"
"3227","27.312836","10.100.102.10","142.251.37.78","TCP","54","49284  >  443 [ACK] Seq=72412 Ack=3612531 Win=1052672 Len=0","0.000240000"
"3229","27.336066","142.251.37.78","10.100.102.10","TCP","60","443  >  49284 [ACK] Seq=3612531 Ack=72451 Win=136448 Len=0","0.022509000"
"3233","30.168195","142.251.37.78","10.100.102.10","TCP","60","443  >  49284 [ACK] Seq=3612531 Ack=73851 Win=139264 Len=0","0.016544000"
"3234","30.168195","142.251.37.78","10.100.102.10","TCP","60","443  >  49284 [ACK] Seq=3612531 Ack=75251 Win=142080 Len=0","0.016544000"
"3235","30.168195","142.251.37.78","10.100.102.10","TCP","60","443  >  49284 [ACK] Seq=3612531 Ack=76586 Win=144896 Len=0","0.016544000"
"3239","30.225103","10.100.102.10","142.251.37.78","TCP","54","49284  >  443 [ACK] Seq=76586 Ack=3612674 Win=1052416 Len=0","0.000118000"
"3241","30.233479","142.251.37.78","10.100.102.10","TCP","60","443  >  49284 [ACK] Seq=3612674 Ack=76625 Win=144896 Len=0","0.007901000"
"3244","31.575887","142.251.37.78","10.100.102.10","TCP","60","443  >  49284 [ACK] Seq=3612674 Ack=78025 Win=147712 Len=0","0.008642000"
"3245","31.575887","142.251.37.78","10.100.102.10","TCP","60","443  >  49284 [ACK] Seq=3612674 Ack=78272 Win=150528 Len=0","0.008642000"
"3247","31.576412","10.100.102.10","142.251.37.78","TLSv1.3","93","Application Data","0.000525000"
"3248","31.591387","142.251.37.78","10.100.102.10","TCP","60","443  >  49284 [ACK] Seq=3612754 Ack=78311 Win=150528 Len=0","0.014975000"
"3252","33.004675","142.251.37.78","10.100.102.10","TCP","60","443  >  49284 [ACK] Seq=3612754 Ack=79703 Win=153344 Len=0","0.007622000"
"3253","33.005490","142.251.37.78","10.100.102.10","TCP","60","443  >  49284 [ACK] Seq=3612754 Ack=81103 Win=156160 Len=0","0.008342000"
"3254","33.005490","142.251.37.78","10.100.102.10","TCP","60","443  >  49284 [ACK] Seq=3612754 Ack=81703 Win=158976 Len=0","0.008342000"
"3258","33.075137","10.100.102.10","142.251.37.78","TCP","54","49284  >  443 [ACK] Seq=81703 Ack=3612943 Win=1052160 Len=0","0.000083000"
"3260","33.084015","142.251.37.78","10.100.102.10","TCP","60","443  >  49284 [ACK] Seq=3612943 Ack=81742 Win=158976 Len=0","0.008762000"
"3263","36.996621","142.251.37.78","10.100.102.10","TCP","60","443  >  49284 [ACK] Seq=3612943 Ack=83142 Win=161792 Len=0","0.008095000"
"3264","36.996621","142.251.37.78","10.100.102.10","TCP","60","443  >  49284 [ACK] Seq=3612943 Ack=83389 Win=164608 Len=0","0.008095000"
"3266","36.997105","10.100.102.10","142.251.37.78","TLSv1.3","93","Application Data","0.000484000"
"3267","37.010226","142.251.37.78","10.100.102.10","TCP","60","443  >  49284 [ACK] Seq=3613022 Ack=83428 Win=164608 Len=0","0.013121000"
"3272","37.374021","142.251.37.78","10.100.102.10","TCP","60","443  >  49284 [ACK] Seq=3613022 Ack=84088 Win=167424 Len=0","0.009191000"
"3273","37.374021","142.251.37.78","10.100.102.10","TCP","60","443  >  49284 [ACK] Seq=3613022 Ack=85488 Win=170240 Len=0","0.009057000"
"3274","37.374366","142.251.37.78","10.100.102.10","TCP","60","443  >  49284 [ACK] Seq=3613022 Ack=86888 Win=173056 Len=0","0.009402000"
"3275","37.374366","142.251.37.78","10.100.102.10","TCP","60","443  >  49284 [ACK] Seq=3613022 Ack=86922 Win=173056 Len=0","0.009402000"
"3278","37.404813","142.251.37.78","10.100.102.10","TCP","60","443  >  49284 [ACK] Seq=3613022 Ack=88322 Win=175872 Len=0","0.008455000"
"3279","37.404813","142.251.37.78","10.100.102.10","TCP","60","443  >  49284 [ACK] Seq=3613022 Ack=89442 Win=178688 Len=0","0.008455000"
"3283","37.474619","10.100.102.10","142.251.37.78","TCP","54","49284  >  443 [ACK] Seq=89442 Ack=3613164 Win=1052160 Len=0","0.000115000"
"3285","37.482459","142.251.37.78","10.100.102.10","TCP","60","443  >  49284 [ACK] Seq=3613164 Ack=89481 Win=178688 Len=0","0.007371000"
"3297","37.631273","10.100.102.10","142.251.37.78","TCP","54","49284  >  443 [ACK] Seq=89481 Ack=3627711 Win=1052672 Len=0","0.000272000"
"3299","37.631563","10.100.102.10","142.251.37.78","TCP","54","49284  >  443 [ACK] Seq=89481 Ack=3628924 Win=1051392 Len=0","0.000088000"
"3312","37.632447","10.100.102.10","142.251.37.78","TCP","54","49284  >  443 [ACK] Seq=89481 Ack=3643412 Win=1052672 Len=0","0.000195000"
"3314","37.633507","10.100.102.10","142.251.37.78","TLSv1.3","93","Application Data","0.000320000"
"3315","37.641901","142.251.37.78","10.100.102.10","TCP","60","443  >  49284 [ACK] Seq=3643451 Ack=89520 Win=178688 Len=0","0.008394000"
"3317","43.107433","142.251.37.78","10.100.102.10","TCP","60","443  >  49284 [ACK] Seq=3643451 Ack=89998 Win=181504 Len=0","0.010932000"
"3319","43.108169","10.100.102.10","142.251.37.78","TLSv1.3","93","Application Data","0.000736000"
"3320","43.120954","142.251.37.78","10.100.102.10","TCP","60","443  >  49284 [ACK] Seq=3643530 Ack=90037 Win=181504 Len=0","0.012785000"
"3323","47.291439","142.251.37.78","10.100.102.10","TCP","60","443  >  49284 [ACK] Seq=3643530 Ack=91437 Win=184320 Len=0","0.010218000"
"3324","47.291439","142.251.37.78","10.100.102.10","TCP","60","443  >  49284 [ACK] Seq=3643530 Ack=92471 Win=187136 Len=0","0.010218000"
"3328","47.354900","10.100.102.10","142.251.37.78","TCP","54","49284  >  443 [ACK] Seq=92471 Ack=3643672 Win=1052416 Len=0","0.000197000"
"3330","47.365034","142.251.37.78","10.100.102.10","TCP","60","443  >  49284 [ACK] Seq=3643672 Ack=92510 Win=187136 Len=0","0.009748000"
"3332","48.358880","142.251.37.78","10.100.102.10","TCP","60","443  >  49284 [ACK] Seq=3643672 Ack=92988 Win=189952 Len=0","0.010296000"
"3334","48.359766","10.100.102.10","142.251.37.78","TLSv1.3","93","Application Data","0.000629000"
"3335","48.373259","142.251.37.78","10.100.102.10","TCP","60","443  >  49284 [ACK] Seq=3643751 Ack=93027 Win=189952 Len=0","0.013493000"
"3338","57.291246","142.251.37.78","10.100.102.10","TCP","60","443  >  49284 [ACK] Seq=3643751 Ack=94427 Win=192768 Len=0","0.011037000"
"3339","57.291246","142.251.37.78","10.100.102.10","TCP","60","443  >  49284 [ACK] Seq=3643751 Ack=95461 Win=195584 Len=0","0.011037000"
"3343","57.368119","10.100.102.10","142.251.37.78","TCP","54","49284  >  443 [ACK] Seq=95461 Ack=3643893 Win=1052160 Len=0","0.000145000"
"3345","57.376508","142.251.37.78","10.100.102.10","TCP","60","443  >  49284 [ACK] Seq=3643893 Ack=95500 Win=195584 Len=0","0.008000000"
"3347","72.129357","172.217.22.110","10.100.102.10","TCP","60","443  >  49299 [ACK] Seq=8420 Ack=1315 Win=65536 Len=0","0.010147000"
"3349","72.174574","10.100.102.10","172.217.22.110","TCP","54","49299  >  443 [ACK] Seq=1315 Ack=8459 Win=262912 Len=0","0.045217000"
"3354","80.497469","142.251.37.78","10.100.102.10","TCP","60","443  >  49284 [ACK] Seq=3643893 Ack=96807 Win=198400 Len=0","0.009947000"
"3355","80.497469","142.251.37.78","10.100.102.10","TCP","60","443  >  49284 [ACK] Seq=3643893 Ack=98207 Win=201216 Len=0","0.009809000"
"3356","80.497764","142.251.37.78","10.100.102.10","TCP","60","443  >  49284 [ACK] Seq=3643893 Ack=99607 Win=204032 Len=0","0.010104000"
"3357","80.497764","142.251.37.78","10.100.102.10","TCP","60","443  >  49284 [ACK] Seq=3643893 Ack=100035 Win=206848 Len=0","0.010104000"
"3363","80.517406","142.251.37.78","10.100.102.10","TCP","60","443  >  49284 [ACK] Seq=3643893 Ack=101435 Win=209664 Len=0","0.008752000"
"3364","80.517406","142.251.37.78","10.100.102.10","TCP","60","443  >  49284 [ACK] Seq=3643893 Ack=101509 Win=209664 Len=0","0.008752000"
"3365","80.517406","142.251.37.78","10.100.102.10","TCP","60","443  >  49284 [ACK] Seq=3643893 Ack=102909 Win=212480 Len=0","0.008461000"
"3366","80.517828","142.251.37.78","10.100.102.10","TCP","60","443  >  49284 [ACK] Seq=3643893 Ack=104309 Win=215296 Len=0","0.008883000"
"3367","80.517828","142.251.37.78","10.100.102.10","TCP","60","443  >  49284 [ACK] Seq=3643893 Ack=104469 Win=218112 Len=0","0.008883000"
"3381","80.852677","10.100.102.10","142.251.37.78","TCP","54","49284  >  443 [ACK] Seq=104469 Ack=3659931 Win=1052672 Len=0","0.000264000"
"3394","80.859946","10.100.102.10","142.251.37.78","TCP","54","49284  >  443 [ACK] Seq=104469 Ack=3676588 Win=1052672 Len=0","0.000215000"
"3419","80.877180","10.100.102.10","142.251.37.78","TCP","54","49284  >  443 [ACK] Seq=104469 Ack=3709546 Win=1052672 Len=0","0.000408000"
"3432","80.919631","10.100.102.10","142.251.37.78","TCP","54","49284  >  443 [ACK] Seq=104469 Ack=3725305 Win=1052672 Len=0","0.000237000"
"3447","80.926131","10.100.102.10","142.251.37.78","TCP","54","49284  >  443 [ACK] Seq=104469 Ack=3743250 Win=1052672 Len=0","0.000222000"
"3472","80.941362","10.100.102.10","142.251.37.78","TCP","54","49284  >  443 [ACK] Seq=104469 Ack=3776564 Win=1052672 Len=0","0.000433000"
"3484","80.945518","10.100.102.10","142.251.37.78","TCP","54","49284  >  443 [ACK] Seq=104469 Ack=3788193 Win=1052672 Len=0","0.000353000"
"3486","80.954138","142.251.37.78","10.100.102.10","TCP","60","443  >  49284 [ACK] Seq=3788193 Ack=104508 Win=218112 Len=0","0.008244000"
"3499","81.205632","10.100.102.10","142.251.37.78","TCP","54","49284  >  443 [ACK] Seq=104508 Ack=3803928 Win=1052672 Len=0","0.000392000"
"3513","81.210010","10.100.102.10","142.251.37.78","TCP","54","49284  >  443 [ACK] Seq=104508 Ack=3820857 Win=1052672 Len=0","0.000229000"
"3526","81.214764","10.100.102.10","142.251.37.78","TCP","54","49284  >  443 [ACK] Seq=104508 Ack=3837514 Win=1052672 Len=0","0.000307000"
"3539","81.218838","10.100.102.10","142.251.37.78","TCP","54","49284  >  443 [ACK] Seq=104508 Ack=3853815 Win=1052672 Len=0","0.000378000"
"3552","81.264683","10.100.102.10","142.251.37.78","TCP","54","49284  >  443 [ACK] Seq=104508 Ack=3868564 Win=1052672 Len=0","0.000253000"
"3555","81.265901","10.100.102.10","142.251.37.78","TCP","54","49284  >  443 [ACK] Seq=104508 Ack=3868634 Win=1052672 Len=0","0.000107000"
"3557","81.275855","142.251.37.78","10.100.102.10","TCP","60","443  >  49284 [ACK] Seq=3868634 Ack=104547 Win=218112 Len=0","0.007778000"
"3562","81.404904","142.251.37.78","10.100.102.10","TCP","60","443  >  49284 [ACK] Seq=3868634 Ack=105947 Win=220928 Len=0","0.008393000"
"3563","81.404904","142.251.37.78","10.100.102.10","TCP","60","443  >  49284 [ACK] Seq=3868634 Ack=106699 Win=223744 Len=0","0.008393000"
"3564","81.405644","142.251.37.78","10.100.102.10","TCP","60","443  >  49284 [ACK] Seq=3868634 Ack=108099 Win=226560 Len=0","0.007364000"
"3565","81.405644","142.251.37.78","10.100.102.10","TCP","60","443  >  49284 [ACK] Seq=3868634 Ack=108684 Win=229376 Len=0","0.007364000"
"3570","81.469753","10.100.102.10","142.251.37.78","TCP","54","49284  >  443 [ACK] Seq=108684 Ack=3868859 Win=1052416 Len=0","0.000125000"
"3572","81.480106","142.251.37.78","10.100.102.10","TCP","60","443  >  49284 [ACK] Seq=3868859 Ack=108723 Win=229376 Len=0","0.009923000"
"3575","82.801533","142.251.37.78","10.100.102.10","TCP","60","443  >  49284 [ACK] Seq=3868859 Ack=110123 Win=232192 Len=0","0.010722000"
"3576","82.801533","142.251.37.78","10.100.102.10","TCP","60","443  >  49284 [ACK] Seq=3868859 Ack=111224 Win=235008 Len=0","0.010722000"
"3580","82.865851","10.100.102.10","142.251.37.78","TCP","54","49284  >  443 [ACK] Seq=111224 Ack=3869001 Win=1052160 Len=0","0.000109000"
"3582","82.875793","142.251.37.78","10.100.102.10","TCP","60","443  >  49284 [ACK] Seq=3869001 Ack=111263 Win=235008 Len=0","0.009566000"
"3584","84.176293","142.251.37.78","10.100.102.10","TCP","60","443  >  49284 [ACK] Seq=3869001 Ack=112539 Win=237824 Len=0","0.007960000"
"3586","84.176672","10.100.102.10","142.251.37.78","TLSv1.3","93","Application Data","0.000379000"
"3587","84.190455","142.251.37.78","10.100.102.10","TCP","60","443  >  49284 [ACK] Seq=3869080 Ack=112578 Win=237824 Len=0","0.013783000"
"3590","86.066334","142.251.37.78","10.100.102.10","TCP","60","443  >  49284 [ACK] Seq=3869080 Ack=113978 Win=240640 Len=0","0.011046000"
"3591","86.066334","142.251.37.78","10.100.102.10","TCP","60","443  >  49284 [ACK] Seq=3869080 Ack=114251 Win=243456 Len=0","0.011046000"
"3596","86.153448","10.100.102.10","142.251.37.78","TCP","66","49284  >  443 [ACK] Seq=114251 Ack=3869223 Win=1051904 Len=0 SLE=3869184 SRE=3869223","0.000123000"
"3598","86.161873","142.251.37.78","10.100.102.10","TCP","60","443  >  49284 [ACK] Seq=3869223 Ack=114290 Win=243456 Len=0","0.008149000"
"3603","86.800728","142.251.37.78","10.100.102.10","TCP","60","443  >  49284 [ACK] Seq=3869223 Ack=115690 Win=246272 Len=0","0.007982000"
"3604","86.800728","142.251.37.78","10.100.102.10","TCP","60","443  >  49284 [ACK] Seq=3869223 Ack=116276 Win=249088 Len=0","0.007982000"
"3605","86.802201","142.251.37.78","10.100.102.10","TCP","60","443  >  49284 [ACK] Seq=3869223 Ack=117676 Win=251904 Len=0","0.009312000"
"3606","86.802201","142.251.37.78","10.100.102.10","TCP","60","443  >  49284 [ACK] Seq=3869223 Ack=118284 Win=254720 Len=0","0.009312000"
"3610","86.871308","10.100.102.10","142.251.37.78","TCP","54","49284  >  443 [ACK] Seq=118284 Ack=3869368 Win=1051904 Len=0","0.000141000"
"3612","86.879987","142.251.37.78","10.100.102.10","TCP","60","443  >  49284 [ACK] Seq=3869368 Ack=118323 Win=254720 Len=0","0.008343000"
"3622","89.370629","142.251.37.78","10.100.102.10","TCP","60","443  >  49284 [ACK] Seq=3869368 Ack=119509 Win=257536 Len=0","0.010578000"
"3623","89.370629","142.251.37.78","10.100.102.10","TCP","60","443  >  49284 [ACK] Seq=3869368 Ack=120909 Win=260352 Len=0","0.010415000"
"3624","89.371246","142.251.37.78","10.100.102.10","TCP","60","443  >  49284 [ACK] Seq=3869368 Ack=122309 Win=263168 Len=0","0.011032000"
"3625","89.371246","142.251.37.78","10.100.102.10","TCP","60","443  >  49284 [ACK] Seq=3869368 Ack=122730 Win=265984 Len=0","0.011032000"
"3626","89.375926","142.251.37.78","10.100.102.10","TCP","60","443  >  49284 [ACK] Seq=3869368 Ack=124130 Win=268800 Len=0","0.008385000"
"3627","89.375926","142.251.37.78","10.100.102.10","TCP","60","443  >  49284 [ACK] Seq=3869368 Ack=124325 Win=271616 Len=0","0.008385000"
"3628","89.375926","142.251.37.78","10.100.102.10","TCP","60","443  >  49284 [ACK] Seq=3869368 Ack=125725 Win=274432 Len=0","0.008219000"
"3629","89.376595","142.251.37.78","10.100.102.10","TCP","60","443  >  49284 [ACK] Seq=3869368 Ack=127125 Win=277248 Len=0","0.008888000"
"3630","89.376595","142.251.37.78","10.100.102.10","TCP","60","443  >  49284 [ACK] Seq=3869368 Ack=127286 Win=280064 Len=0","0.008888000"
"3644","89.543126","10.100.102.10","142.251.37.78","TCP","54","49284  >  443 [ACK] Seq=127538 Ack=3885134 Win=1052672 Len=0","0.000205000"
"3663","89.544340","10.100.102.10","142.251.37.78","TCP","54","49284  >  443 [ACK] Seq=127538 Ack=3908731 Win=1052672 Len=0","0.000235000"
"3665","89.544752","10.100.102.10","142.251.37.78","TLSv1.3","93","Application Data","0.000122000"
"3666","89.547113","142.251.37.78","10.100.102.10","TCP","60","443  >  49284 [ACK] Seq=3908770 Ack=127538 Win=282880 Len=0","0.008131000"
"3668","89.561202","142.251.37.78","10.100.102.10","TCP","60","443  >  49284 [ACK] Seq=3908833 Ack=127577 Win=282880 Len=0","0.016450000"
"3669","89.600812","10.100.102.10","142.251.37.78","TCP","54","49284  >  443 [ACK] Seq=127577 Ack=3908833 Win=1052672 Len=0","0.053699000"
"3676","90.082320","142.251.37.78","10.100.102.10","TCP","60","443  >  49284 [ACK] Seq=3908833 Ack=128977 Win=285696 Len=0","0.010013000"
"3677","90.082320","142.251.37.78","10.100.102.10","TCP","60","443  >  49284 [ACK] Seq=3908833 Ack=130377 Win=288512 Len=0","0.010013000"
"3678","90.082504","142.251.37.78","10.100.102.10","TCP","60","443  >  49284 [ACK] Seq=3908833 Ack=130920 Win=291328 Len=0","0.010197000"
"3679","90.082504","142.251.37.78","10.100.102.10","TCP","60","443  >  49284 [ACK] Seq=3908833 Ack=132320 Win=294144 Len=0","0.009069000"
"3680","90.083312","142.251.37.78","10.100.102.10","TCP","60","443  >  49284 [ACK] Seq=3908833 Ack=133720 Win=296960 Len=0","0.009877000"
"3681","90.084137","142.251.37.78","10.100.102.10","TCP","60","443  >  49284 [ACK] Seq=3908833 Ack=134388 Win=299776 Len=0","0.010702000"
"3686","90.146934","10.100.102.10","142.251.37.78","TCP","54","49284  >  443 [ACK] Seq=134388 Ack=3909049 Win=1052416 Len=0","0.000138000"
"3689","90.156237","142.251.37.78","10.100.102.10","TCP","60","443  >  49284 [ACK] Seq=3909080 Ack=134427 Win=299776 Len=0","0.008967000"
"3702","90.181760","10.100.102.10","142.251.37.78","TCP","54","49284  >  443 [ACK] Seq=134427 Ack=3924842 Win=1052672 Len=0","0.000240000"
"3714","90.184855","10.100.102.10","142.251.37.78","TCP","54","49284  >  443 [ACK] Seq=134427 Ack=3940242 Win=1052672 Len=0","0.000205000"
"3717","90.185070","10.100.102.10","142.251.37.78","TCP","54","49284  >  443 [ACK] Seq=134427 Ack=3941771 Win=1052672 Len=0","0.000070000"
"3729","90.189883","10.100.102.10","142.251.37.78","TCP","54","49284  >  443 [ACK] Seq=134427 Ack=3957171 Win=1052672 Len=0","0.000401000"
"3731","90.190221","10.100.102.10","142.251.37.78","TCP","54","49284  >  443 [ACK] Seq=134427 Ack=3958428 Win=1051392 Len=0","0.000114000"
"3744","90.195683","10.100.102.10","142.251.37.78","TCP","54","49284  >  443 [ACK] Seq=134427 Ack=3974729 Win=1052672 Len=0","0.000205000"
"3753","90.239201","10.100.102.10","142.251.37.78","TCP","54","49284  >  443 [ACK] Seq=134427 Ack=3980858 Win=1052672 Len=0","0.000356000"
"3758","90.253955","142.251.37.78","10.100.102.10","TCP","60","443  >  49284 [ACK] Seq=3980858 Ack=135866 Win=302592 Len=0","0.010329000"
"3759","90.253955","142.251.37.78","10.100.102.10","TCP","60","443  >  49284 [ACK] Seq=3980858 Ack=137933 Win=308224 Len=0","0.010329000"
"3763","90.330026","10.100.102.10","142.251.37.78","TCP","54","49284  >  443 [ACK] Seq=137933 Ack=3981001 Win=1052416 Len=0","0.000113000"
"3765","90.344081","142.251.37.78","10.100.102.10","TCP","60","443  >  49284 [ACK] Seq=3981001 Ack=137972 Win=308224 Len=0","0.013697000"
"3769","92.020989","142.251.37.78","10.100.102.10","TCP","60","443  >  49284 [ACK] Seq=3981001 Ack=139372 Win=311040 Len=0","0.008382000"
"3770","92.020989","142.251.37.78","10.100.102.10","TCP","60","443  >  49284 [ACK] Seq=3981001 Ack=140772 Win=313856 Len=0","0.008382000"
"3771","92.022093","142.251.37.78","10.100.102.10","TCP","60","443  >  49284 [ACK] Seq=3981001 Ack=141763 Win=316672 Len=0","0.009486000"
"3775","92.093977","10.100.102.10","142.251.37.78","TCP","54","49284  >  443 [ACK] Seq=141763 Ack=3981144 Win=1052416 Len=0","0.000365000"
"3777","92.102916","142.251.37.78","10.100.102.10","TCP","60","443  >  49284 [ACK] Seq=3981144 Ack=141802 Win=316672 Len=0","0.007849000"
"3779","92.198285","142.251.37.78","10.100.102.10","TCP","60","443  >  49284 [ACK] Seq=3981144 Ack=142060 Win=319488 Len=0","0.008266000"
"3781","92.198750","10.100.102.10","142.251.37.78","TLSv1.3","93","Application Data","0.000465000"
"3782","92.211797","142.251.37.78","10.100.102.10","TCP","60","443  >  49284 [ACK] Seq=3981224 Ack=142099 Win=319488 Len=0","0.013047000"
"3787","96.563198","142.251.37.78","10.100.102.10","TCP","60","443  >  49284 [ACK] Seq=3981224 Ack=143499 Win=322304 Len=0","0.007927000"
"3788","96.563198","142.251.37.78","10.100.102.10","TCP","60","443  >  49284 [ACK] Seq=3981224 Ack=144879 Win=325120 Len=0","0.007927000"
"3789","96.563955","142.251.37.78","10.100.102.10","TCP","60","443  >  49284 [ACK] Seq=3981224 Ack=146279 Win=327936 Len=0","0.008518000"
"3790","96.563955","142.251.37.78","10.100.102.10","TCP","60","443  >  49284 [ACK] Seq=3981224 Ack=146884 Win=330752 Len=0","0.008518000"
"3794","96.641957","10.100.102.10","142.251.37.78","TCP","54","49284  >  443 [ACK] Seq=146884 Ack=3981368 Win=1052160 Len=0","0.000147000"
"3796","96.650651","142.251.37.78","10.100.102.10","TCP","60","443  >  49284 [ACK] Seq=3981368 Ack=146923 Win=330752 Len=0","0.008282000"
"3800","98.735507","142.251.37.78","10.100.102.10","TCP","60","443  >  49284 [ACK] Seq=3981368 Ack=148323 Win=333568 Len=0","0.010840000"
"3801","98.735507","142.251.37.78","10.100.102.10","TCP","60","443  >  49284 [ACK] Seq=3981368 Ack=149723 Win=336384 Len=0","0.010840000"
"3802","98.735507","142.251.37.78","10.100.102.10","TCP","60","443  >  49284 [ACK] Seq=3981368 Ack=149745 Win=336384 Len=0","0.010840000"
"3806","98.798391","10.100.102.10","142.251.37.78","TCP","54","49284  >  443 [ACK] Seq=149745 Ack=3981510 Win=1051904 Len=0","0.000179000"
"3808","98.807190","142.251.37.78","10.100.102.10","TCP","60","443  >  49284 [ACK] Seq=3981510 Ack=149784 Win=336384 Len=0","0.008497000"
"3812","108.740405","142.251.37.78","10.100.102.10","TCP","60","443  >  49284 [ACK] Seq=3981510 Ack=151184 Win=339200 Len=0","0.009945000"
"3813","108.740405","142.251.37.78","10.100.102.10","TCP","60","443  >  49284 [ACK] Seq=3981510 Ack=152584 Win=342016 Len=0","0.009945000"
"3814","108.740405","142.251.37.78","10.100.102.10","TCP","60","443  >  49284 [ACK] Seq=3981510 Ack=152637 Win=342016 Len=0","0.009945000"
"3818","108.804878","10.100.102.10","142.251.37.78","TCP","54","49284  >  443 [ACK] Seq=152637 Ack=3981652 Win=1051904 Len=0","0.000114000"
"3820","108.813506","142.251.37.78","10.100.102.10","TCP","60","443  >  49284 [ACK] Seq=3981652 Ack=152676 Win=342016 Len=0","0.008189000"
"3830","116.944116","142.251.37.78","10.100.102.10","TCP","60","443  >  49284 [ACK] Seq=3981652 Ack=153885 Win=344832 Len=0","0.010029000"
"3831","116.944497","142.251.37.78","10.100.102.10","TCP","60","443  >  49284 [ACK] Seq=3981652 Ack=155285 Win=347648 Len=0","0.010068000"
"3832","116.945351","142.251.37.78","10.100.102.10","TCP","60","443  >  49284 [ACK] Seq=3981652 Ack=156685 Win=350464 Len=0","0.010922000"
"3833","116.945351","142.251.37.78","10.100.102.10","TCP","60","443  >  49284 [ACK] Seq=3981652 Ack=157105 Win=353280 Len=0","0.010922000"
"3834","116.947796","142.251.37.78","10.100.102.10","TCP","60","443  >  49284 [ACK] Seq=3981652 Ack=158505 Win=356096 Len=0","0.007998000"
"3835","116.947796","142.251.37.78","10.100.102.10","TCP","60","443  >  49284 [ACK] Seq=3981652 Ack=158678 Win=358912 Len=0","0.007998000"
"3836","116.947796","142.251.37.78","10.100.102.10","TCP","60","443  >  49284 [ACK] Seq=3981652 Ack=160078 Win=361728 Len=0","0.007787000"
"3837","116.949554","142.251.37.78","10.100.102.10","TCP","60","443  >  49284 [ACK] Seq=3981652 Ack=161478 Win=364544 Len=0","0.009545000"
"3838","116.949554","142.251.37.78","10.100.102.10","TCP","60","443  >  49284 [ACK] Seq=3981652 Ack=161638 Win=367360 Len=0","0.009545000"
"3870","117.184424","10.100.102.10","142.251.37.78","TCP","54","49284  >  443 [ACK] Seq=161638 Ack=4018763 Win=1052672 Len=0","0.000670000"
"3872","117.193631","142.251.37.78","10.100.102.10","TCP","60","443  >  49284 [ACK] Seq=4018763 Ack=161677 Win=367360 Len=0","0.008351000"
"3898","117.675954","10.100.102.10","142.251.37.78","TCP","54","49284  >  443 [ACK] Seq=161677 Ack=4051447 Win=1052672 Len=0","0.000343000"
"3923","117.683637","10.100.102.10","142.251.37.78","TCP","54","49284  >  443 [ACK] Seq=161677 Ack=4084405 Win=1052672 Len=0","0.000502000"
"3928","117.700216","142.251.37.78","10.100.102.10","TCP","60","443  >  49284 [ACK] Seq=4084405 Ack=163077 Win=370176 Len=0","0.008042000"
"3929","117.700216","142.251.37.78","10.100.102.10","TCP","60","443  >  49284 [ACK] Seq=4084405 Ack=163997 Win=372992 Len=0","0.008042000"
"3930","117.705126","142.251.37.78","10.100.102.10","TCP","60","443  >  49284 [ACK] Seq=4084405 Ack=165397 Win=375808 Len=0","0.008234000"
"3931","117.705126","142.251.37.78","10.100.102.10","TCP","60","443  >  49284 [ACK] Seq=4084405 Ack=165897 Win=378624 Len=0","0.008234000"
"3937","117.726318","10.100.102.10","142.251.37.78","TCP","54","49284  >  443 [ACK] Seq=165897 Ack=4087524 Win=1052672 Len=0","0.000180000"
"3939","117.748302","142.251.37.78","10.100.102.10","TCP","60","443  >  49284 [ACK] Seq=4087524 Ack=165936 Win=378624 Len=0","0.021613000"
"3943","117.767382","10.100.102.10","142.251.37.78","TCP","54","49284  >  443 [ACK] Seq=165936 Ack=4087698 Win=1052416 Len=0","0.000118000"
"3947","117.794676","10.100.102.10","142.251.37.78","TCP","54","49284  >  443 [ACK] Seq=165975 Ack=4087798 Win=1052416 Len=0","0.000115000"
"3949","117.795553","10.100.102.10","142.251.37.78","TCP","66","[TCP Dup ACK 3947#1] 49284  >  443 [ACK] Seq=165975 Ack=4087798 Win=1052416 Len=0 SLE=4087767 SRE=4087798","0.000081000"
"3950","117.809152","142.251.37.78","10.100.102.10","TCP","60","443  >  49284 [ACK] Seq=4087798 Ack=165975 Win=378624 Len=0","0.041285000"
"3953","120.216852","142.251.37.78","10.100.102.10","TCP","60","443  >  49284 [ACK] Seq=4087798 Ack=167375 Win=381440 Len=0","0.008363000"
"3954","120.216852","142.251.37.78","10.100.102.10","TCP","60","443  >  49284 [ACK] Seq=4087798 Ack=168574 Win=384256 Len=0","0.008363000"
"3957","120.281026","10.100.102.10","142.251.37.78","TCP","54","49284  >  443 [ACK] Seq=168574 Ack=4087898 Win=1052416 Len=0","0.000148000"
"3959","120.281957","10.100.102.10","142.251.37.78","TLSv1.3","93","Application Data","0.000213000"
"3960","120.290683","142.251.37.78","10.100.102.10","TCP","60","443  >  49284 [ACK] Seq=4087937 Ack=168613 Win=384256 Len=0","0.008726000"
"3965","124.739467","142.251.37.78","10.100.102.10","TCP","60","443  >  49284 [ACK] Seq=4087937 Ack=170013 Win=387072 Len=0","0.008244000"
"3966","124.739467","142.251.37.78","10.100.102.10","TCP","60","443  >  49284 [ACK] Seq=4087937 Ack=170621 Win=389888 Len=0","0.008244000"
"3967","124.740238","142.251.37.78","10.100.102.10","TCP","60","443  >  49284 [ACK] Seq=4087937 Ack=172021 Win=392704 Len=0","0.008908000"
"3968","124.740238","142.251.37.78","10.100.102.10","TCP","60","443  >  49284 [ACK] Seq=4087937 Ack=172626 Win=395520 Len=0","0.008908000"
"3972","124.809245","10.100.102.10","142.251.37.78","TCP","54","49284  >  443 [ACK] Seq=172626 Ack=4088078 Win=1052160 Len=0","0.000080000"
"3974","124.817228","142.251.37.78","10.100.102.10","TCP","60","443  >  49284 [ACK] Seq=4088078 Ack=172665 Win=395520 Len=0","0.007822000"
"3977","127.420999","142.251.37.78","10.100.102.10","TCP","60","443  >  49284 [ACK] Seq=4088078 Ack=174065 Win=398336 Len=0","0.007785000"
"3978","127.420999","142.251.37.78","10.100.102.10","TCP","60","443  >  49284 [ACK] Seq=4088078 Ack=174290 Win=401152 Len=0","0.007785000"
"3982","127.485896","10.100.102.10","142.251.37.78","TCP","54","49284  >  443 [ACK] Seq=174290 Ack=4088218 Win=1051904 Len=0","0.000074000"
"3984","127.493872","142.251.37.78","10.100.102.10","TCP","60","443  >  49284 [ACK] Seq=4088218 Ack=174329 Win=401152 Len=0","0.007840000"
"3986","130.584858","172.217.22.110","10.100.102.10","TLSv1.3","93","Application Data","0.012298000"
"3987","130.638865","10.100.102.10","172.217.22.110","TCP","54","49299  >  443 [ACK] Seq=1354 Ack=8498 Win=262912 Len=0","0.054007000"
"3990","137.377735","142.251.37.78","10.100.102.10","TCP","60","443  >  49284 [ACK] Seq=4088218 Ack=175729 Win=403968 Len=0","0.010637000"
"3991","137.377735","142.251.37.78","10.100.102.10","TCP","60","443  >  49284 [ACK] Seq=4088218 Ack=176256 Win=406784 Len=0","0.010637000"
"3995","137.440800","10.100.102.10","142.251.37.78","TCP","54","49284  >  443 [ACK] Seq=176256 Ack=4088358 Win=1051904 Len=0","0.000123000"
"3997","137.449436","142.251.37.78","10.100.102.10","TCP","60","443  >  49284 [ACK] Seq=4088358 Ack=176295 Win=406784 Len=0","0.008079000"
"4000","147.378714","142.251.37.78","10.100.102.10","TCP","60","443  >  49284 [ACK] Seq=4088358 Ack=177695 Win=409600 Len=0","0.011047000"
"4001","147.378714","142.251.37.78","10.100.102.10","TCP","60","443  >  49284 [ACK] Seq=4088358 Ack=177930 Win=412416 Len=0","0.011047000"
"4005","147.442661","10.100.102.10","142.251.37.78","TCP","54","49284  >  443 [ACK] Seq=177930 Ack=4088498 Win=1051648 Len=0","0.000177000"
"4007","147.451358","142.251.37.78","10.100.102.10","TCP","60","443  >  49284 [ACK] Seq=4088498 Ack=177969 Win=412416 Len=0","0.008059000"
"4017","156.911628","142.251.37.78","10.100.102.10","TCP","60","443  >  49284 [ACK] Seq=4088498 Ack=179369 Win=415232 Len=0","0.009063000"
"4018","156.911628","142.251.37.78","10.100.102.10","TCP","60","443  >  49284 [ACK] Seq=4088498 Ack=180132 Win=418048 Len=0","0.009063000"
"4019","156.912687","142.251.37.78","10.100.102.10","TCP","60","443  >  49284 [ACK] Seq=4088498 Ack=181532 Win=420864 Len=0","0.009996000"
"4020","156.912687","142.251.37.78","10.100.102.10","TCP","60","443  >  49284 [ACK] Seq=4088498 Ack=182932 Win=423680 Len=0","0.009996000"
"4021","156.912687","142.251.37.78","10.100.102.10","TCP","60","443  >  49284 [ACK] Seq=4088498 Ack=183352 Win=426496 Len=0","0.009996000"
"4022","156.915743","142.251.37.78","10.100.102.10","TCP","60","443  >  49284 [ACK] Seq=4088498 Ack=183968 Win=429312 Len=0","0.008430000"
"4023","156.915743","142.251.37.78","10.100.102.10","TCP","60","443  >  49284 [ACK] Seq=4088498 Ack=185368 Win=432128 Len=0","0.008178000"
"4024","156.915743","142.251.37.78","10.100.102.10","TCP","60","443  >  49284 [ACK] Seq=4088498 Ack=186768 Win=434944 Len=0","0.008178000"
"4025","156.915743","142.251.37.78","10.100.102.10","TCP","60","443  >  49284 [ACK] Seq=4088498 Ack=186928 Win=437760 Len=0","0.008178000"
"4037","157.121390","10.100.102.10","142.251.37.78","TCP","54","49284  >  443 [ACK] Seq=186928 Ack=4103039 Win=1052672 Len=0","0.000277000"
"4058","157.123543","10.100.102.10","142.251.37.78","TCP","54","49284  >  443 [ACK] Seq=186928 Ack=4129220 Win=1052672 Len=0","0.000555000"
"4061","157.124303","10.100.102.10","142.251.37.78","TCP","54","49284  >  443 [ACK] Seq=186928 Ack=4129290 Win=1052672 Len=0","0.000145000"
"4063","157.132707","142.251.37.78","10.100.102.10","TCP","60","443  >  49284 [ACK] Seq=4129290 Ack=186967 Win=437760 Len=0","0.008143000"
"4075","157.600765","10.100.102.10","142.251.37.78","TCP","54","49284  >  443 [ACK] Seq=186967 Ack=4143835 Win=1052672 Len=0","0.000246000"
"4102","157.601801","10.100.102.10","142.251.37.78","TCP","54","49284  >  443 [ACK] Seq=186967 Ack=4178623 Win=1052672 Len=0","0.000330000"
"4115","157.603374","10.100.102.10","142.251.37.78","TCP","54","49284  >  443 [ACK] Seq=186967 Ack=4194924 Win=1052672 Len=0","0.000203000"
"4119","157.646507","142.251.37.78","10.100.102.10","TCP","60","443  >  49284 [ACK] Seq=4194924 Ack=188367 Win=440576 Len=0","0.010582000"
"4120","157.646507","142.251.37.78","10.100.102.10","TCP","60","443  >  49284 [ACK] Seq=4194924 Ack=189767 Win=443392 Len=0","0.010582000"
"4121","157.646507","142.251.37.78","10.100.102.10","TCP","60","443  >  49284 [ACK] Seq=4194924 Ack=190224 Win=446208 Len=0","0.010582000"
"4130","157.655274","10.100.102.10","142.251.37.78","TCP","54","49284  >  443 [ACK] Seq=193735 Ack=4197310 Win=1052672 Len=0","0.000170000"
"4132","157.661278","142.251.37.78","10.100.102.10","TCP","60","443  >  49284 [ACK] Seq=4197310 Ack=193024 Win=451840 Len=0","0.008661000"
"4133","157.664331","142.251.37.78","10.100.102.10","TCP","60","443  >  49284 [ACK] Seq=4197310 Ack=193774 Win=454656 Len=0","0.008752000"
"4137","157.709534","10.100.102.10","142.251.37.78","TCP","54","49284  >  443 [ACK] Seq=193774 Ack=4197449 Win=1052416 Len=0","0.000147000"
"4139","157.721837","142.251.37.78","10.100.102.10","TCP","60","443  >  49284 [ACK] Seq=4197449 Ack=193813 Win=454656 Len=0","0.011907000"
"4142","157.725060","10.100.102.10","142.251.37.78","TCP","54","49284  >  443 [ACK] Seq=193813 Ack=4197549 Win=1052416 Len=0","0.000088000"
"4144","157.725958","10.100.102.10","142.251.37.78","TLSv1.3","93","Application Data","0.000191000"
"4145","157.739569","142.251.37.78","10.100.102.10","TCP","60","443  >  49284 [ACK] Seq=4197588 Ack=193852 Win=454656 Len=0","0.013611000"
"4149","159.764916","142.251.37.78","10.100.102.10","TCP","60","443  >  49284 [ACK] Seq=4197588 Ack=195252 Win=457472 Len=0","0.008214000"
"4150","159.764916","142.251.37.78","10.100.102.10","TCP","60","443  >  49284 [ACK] Seq=4197588 Ack=196652 Win=460288 Len=0","0.008214000"
"4151","159.765332","142.251.37.78","10.100.102.10","TCP","60","443  >  49284 [ACK] Seq=4197588 Ack=197648 Win=463104 Len=0","0.008630000"
"4155","159.831182","10.100.102.10","142.251.37.78","TCP","54","49284  >  443 [ACK] Seq=197648 Ack=4197727 Win=1052160 Len=0","0.000166000"
"4157","159.839939","142.251.37.78","10.100.102.10","TCP","60","443  >  49284 [ACK] Seq=4197727 Ack=197687 Win=463104 Len=0","0.008419000"
"4163","162.135735","142.251.37.78","10.100.102.10","TCP","60","443  >  49284 [ACK] Seq=4197727 Ack=199087 Win=465920 Len=0","0.008273000"
"4164","162.135735","142.251.37.78","10.100.102.10","TCP","60","443  >  49284 [ACK] Seq=4197727 Ack=199900 Win=468736 Len=0","0.008273000"
"4165","162.136401","142.251.37.78","10.100.102.10","TCP","60","443  >  49284 [ACK] Seq=4197727 Ack=201300 Win=471552 Len=0","0.008722000"
"4166","162.136401","142.251.37.78","10.100.102.10","TCP","60","443  >  49284 [ACK] Seq=4197727 Ack=202700 Win=474368 Len=0","0.008722000"
"4167","162.136401","142.251.37.78","10.100.102.10","TCP","60","443  >  49284 [ACK] Seq=4197727 Ack=202726 Win=474368 Len=0","0.008722000"
"4189","162.399384","10.100.102.10","142.251.37.78","TCP","54","49284  >  443 [ACK] Seq=202726 Ack=4221876 Win=1052672 Len=0","0.000533000"
"4192","162.405090","10.100.102.10","142.251.37.78","TCP","66","[TCP Dup ACK 4189#1] 49284  >  443 [ACK] Seq=202765 Ack=4221876 Win=1052672 Len=0 SLE=4221837 SRE=4221876","0.000075000"
"4193","162.410289","142.251.37.78","10.100.102.10","TCP","60","443  >  49284 [ACK] Seq=4221876 Ack=202765 Win=474368 Len=0","0.010307000"
"4198","164.299566","142.251.37.78","10.100.102.10","TCP","60","443  >  49284 [ACK] Seq=4221876 Ack=204165 Win=477184 Len=0","0.008893000"
"4199","164.299566","142.251.37.78","10.100.102.10","TCP","60","443  >  49284 [ACK] Seq=4221876 Ack=204241 Win=477184 Len=0","0.008893000"
"4200","164.299566","142.251.37.78","10.100.102.10","TCP","60","443  >  49284 [ACK] Seq=4221876 Ack=205641 Win=480000 Len=0","0.008805000"
"4201","164.301111","142.251.37.78","10.100.102.10","TCP","60","443  >  49284 [ACK] Seq=4221876 Ack=206247 Win=482816 Len=0","0.010350000"
"4205","164.387009","10.100.102.10","142.251.37.78","TCP","54","49284  >  443 [ACK] Seq=206247 Ack=4222017 Win=1052416 Len=0","0.000082000"
"4208","164.391375","10.100.102.10","142.251.37.78","TCP","66","[TCP Dup ACK 4205#1] 49284  >  443 [ACK] Seq=206286 Ack=4222017 Win=1052416 Len=0 SLE=4221978 SRE=4222017","0.000092000"
"4209","164.395285","142.251.37.78","10.100.102.10","TCP","60","443  >  49284 [ACK] Seq=4222017 Ack=206286 Win=482816 Len=0","0.007808000"
"4212","165.370855","142.251.37.78","10.100.102.10","TCP","60","443  >  49284 [ACK] Seq=4222017 Ack=207686 Win=485632 Len=0","0.009865000"
"4213","165.370855","142.251.37.78","10.100.102.10","TCP","60","443  >  49284 [ACK] Seq=4222017 Ack=208707 Win=488448 Len=0","0.009865000"
"4216","165.433703","10.100.102.10","142.251.37.78","TCP","54","49284  >  443 [ACK] Seq=208707 Ack=4222117 Win=1052416 Len=0","0.000162000"
"4218","165.434775","10.100.102.10","142.251.37.78","TLSv1.3","93","Application Data","0.000341000"
"4219","165.442286","142.251.37.78","10.100.102.10","TCP","60","443  >  49284 [ACK] Seq=4222156 Ack=208746 Win=488448 Len=0","0.007511000"
"4222","175.294423","142.251.37.78","10.100.102.10","TCP","60","443  >  49284 [ACK] Seq=4222156 Ack=210146 Win=491264 Len=0","0.009468000"
"4223","175.294423","142.251.37.78","10.100.102.10","TCP","60","443  >  49284 [ACK] Seq=4222156 Ack=210184 Win=491264 Len=0","0.009468000"
"4227","175.358523","10.100.102.10","142.251.37.78","TCP","54","49284  >  443 [ACK] Seq=210184 Ack=4222295 Win=1052160 Len=0","0.000114000"
"4229","175.366568","142.251.37.78","10.100.102.10","TCP","60","443  >  49284 [ACK] Seq=4222295 Ack=210223 Win=491264 Len=0","0.007690000"
"4239","178.992358","142.251.37.78","10.100.102.10","TCP","60","443  >  49284 [ACK] Seq=4222295 Ack=211623 Win=494080 Len=0","0.011181000"
"4240","178.992358","142.251.37.78","10.100.102.10","TCP","60","443  >  49284 [ACK] Seq=4222295 Ack=212576 Win=496896 Len=0","0.011181000"
"4241","178.992711","142.251.37.78","10.100.102.10","TCP","60","443  >  49284 [ACK] Seq=4222295 Ack=213976 Win=499712 Len=0","0.011393000"
"4242","178.992711","142.251.37.78","10.100.102.10","TCP","60","443  >  49284 [ACK] Seq=4222295 Ack=215376 Win=502528 Len=0","0.011393000"
"4243","178.992711","142.251.37.78","10.100.102.10","TCP","60","443  >  49284 [ACK] Seq=4222295 Ack=215795 Win=505344 Len=0","0.011393000"
"4244","178.992711","142.251.37.78","10.100.102.10","TCP","60","443  >  49284 [ACK] Seq=4222295 Ack=216225 Win=508160 Len=0","0.009210000"
"4245","178.993393","142.251.37.78","10.100.102.10","TCP","60","443  >  49284 [ACK] Seq=4222295 Ack=217625 Win=510976 Len=0","0.009776000"
"4246","178.993393","142.251.37.78","10.100.102.10","TCP","60","443  >  49284 [ACK] Seq=4222295 Ack=219025 Win=513792 Len=0","0.009776000"
"4247","178.993393","142.251.37.78","10.100.102.10","TCP","60","443  >  49284 [ACK] Seq=4222295 Ack=219184 Win=513792 Len=0","0.009776000"
"4260","179.207419","10.100.102.10","142.251.37.78","TCP","54","49284  >  443 [ACK] Seq=219184 Ack=4238053 Win=1052672 Len=0","0.000420000"
"4275","179.208773","10.100.102.10","142.251.37.78","TCP","54","49284  >  443 [ACK] Seq=219184 Ack=4257453 Win=1052672 Len=0","0.000266000"
"4278","179.209681","10.100.102.10","142.251.37.78","TCP","54","49284  >  443 [ACK] Seq=219184 Ack=4257523 Win=1052672 Len=0","0.000119000"
"4280","179.217742","142.251.37.78","10.100.102.10","TCP","60","443  >  49284 [ACK] Seq=4257523 Ack=219223 Win=513792 Len=0","0.007842000"
"4284","179.736914","142.251.37.78","10.100.102.10","TCP","60","443  >  49284 [ACK] Seq=4257523 Ack=220623 Win=516608 Len=0","0.008370000"
"4285","179.736914","142.251.37.78","10.100.102.10","TCP","60","443  >  49284 [ACK] Seq=4257523 Ack=222023 Win=519424 Len=0","0.008370000"
"4286","179.742354","142.251.37.78","10.100.102.10","TCP","60","443  >  49284 [ACK] Seq=4257523 Ack=222681 Win=522240 Len=0","0.013810000"
"4312","179.742844","10.100.102.10","142.251.37.78","TCP","54","49284  >  443 [ACK] Seq=222681 Ack=4290208 Win=1052672 Len=0","0.000490000"
"4326","179.744632","10.100.102.10","142.251.37.78","TCP","54","49284  >  443 [ACK] Seq=222716 Ack=4306865 Win=1052672 Len=0","0.000223000"
"4339","179.748100","10.100.102.10","142.251.37.78","TCP","54","49284  >  443 [ACK] Seq=222716 Ack=4323169 Win=1052672 Len=0","0.000254000"
"4343","179.756665","142.251.37.78","10.100.102.10","TCP","60","443  >  49284 [ACK] Seq=4323169 Ack=222716 Win=522240 Len=0","0.013272000"
"4344","179.758626","142.251.37.78","10.100.102.10","TCP","60","443  >  49284 [ACK] Seq=4323169 Ack=224116 Win=525056 Len=0","0.008109000"
"4345","179.758626","142.251.37.78","10.100.102.10","TCP","60","443  >  49284 [ACK] Seq=4323169 Ack=225516 Win=527872 Len=0","0.008109000"
"4346","179.759338","142.251.37.78","10.100.102.10","TCP","60","443  >  49284 [ACK] Seq=4323169 Ack=226211 Win=530688 Len=0","0.008821000"
"4356","179.801278","10.100.102.10","142.251.37.78","TCP","54","49284  >  443 [ACK] Seq=226211 Ack=4328487 Win=1052672 Len=0","0.000334000"
"4358","179.822194","142.251.37.78","10.100.102.10","TCP","60","443  >  49284 [ACK] Seq=4328487 Ack=226250 Win=530688 Len=0","0.019924000"
"4362","179.823697","10.100.102.10","142.251.37.78","TCP","54","49284  >  443 [ACK] Seq=226250 Ack=4328626 Win=1052416 Len=0","0.000255000"
"4364","179.840220","142.251.37.78","10.100.102.10","TCP","60","443  >  49284 [ACK] Seq=4328626 Ack=226289 Win=530688 Len=0","0.014929000"
"4368","181.731309","142.251.37.78","10.100.102.10","TCP","60","443  >  49284 [ACK] Seq=4328626 Ack=227689 Win=533504 Len=0","0.010520000"
"4369","181.731309","142.251.37.78","10.100.102.10","TCP","60","443  >  49284 [ACK] Seq=4328626 Ack=229089 Win=536320 Len=0","0.010520000"
"4370","181.731622","142.251.37.78","10.100.102.10","TCP","60","443  >  49284 [ACK] Seq=4328626 Ack=230085 Win=539136 Len=0","0.010833000"
"4374","181.795013","10.100.102.10","142.251.37.78","TCP","54","49284  >  443 [ACK] Seq=230085 Ack=4328765 Win=1052416 Len=0","0.000087000"
"4376","181.805191","142.251.37.78","10.100.102.10","TCP","60","443  >  49284 [ACK] Seq=4328765 Ack=230124 Win=539136 Len=0","0.009886000"
"4380","183.914036","172.217.22.110","10.100.102.10","TCP","60","443  >  49299 [ACK] Seq=8498 Ack=1417 Win=65536 Len=0","0.009981000"
"4382","183.914036","172.217.22.110","10.100.102.10","TCP","60","443  >  49299 [ACK] Seq=8499 Ack=1418 Win=65536 Len=0","0.009760000"
"4384","184.150794","10.100.102.10","172.217.22.110","TCP","54","[TCP ZeroWindow] 49299  >  443 [ACK] Seq=1418 Ack=8499 Win=0 Len=0","0.236758000"
"4390","185.483447","142.251.37.78","10.100.102.10","TCP","60","443  >  49284 [ACK] Seq=4328765 Ack=231524 Win=541952 Len=0","0.007503000"
"4391","185.483447","142.251.37.78","10.100.102.10","TCP","60","443  >  49284 [ACK] Seq=4328765 Ack=232924 Win=544768 Len=0","0.007503000"
"4392","185.483447","142.251.37.78","10.100.102.10","TCP","60","443  >  49284 [ACK] Seq=4328765 Ack=233038 Win=544768 Len=0","0.007503000"
"4393","185.484238","142.251.37.78","10.100.102.10","TCP","60","443  >  49284 [ACK] Seq=4328765 Ack=234438 Win=547584 Len=0","0.008155000"
"4394","185.484238","142.251.37.78","10.100.102.10","TCP","60","443  >  49284 [ACK] Seq=4328765 Ack=235044 Win=550400 Len=0","0.008155000"
"4398","185.557279","10.100.102.10","142.251.37.78","TCP","54","49284  >  443 [ACK] Seq=235044 Ack=4328906 Win=1052160 Len=0","0.000109000"
"4400","185.566031","142.251.37.78","10.100.102.10","TCP","60","443  >  49284 [ACK] Seq=4328906 Ack=235083 Win=550400 Len=0","0.008323000"
"4404","191.404676","142.251.37.78","10.100.102.10","TCP","60","443  >  49284 [ACK] Seq=4328906 Ack=236483 Win=553216 Len=0","0.010477000"
"4405","191.404676","142.251.37.78","10.100.102.10","TCP","60","443  >  49284 [ACK] Seq=4328906 Ack=237883 Win=556032 Len=0","0.010477000"
"4406","191.404676","142.251.37.78","10.100.102.10","TCP","60","443  >  49284 [ACK] Seq=4328906 Ack=237923 Win=556032 Len=0","0.010477000"
"4410","191.467182","10.100.102.10","142.251.37.78","TCP","54","49284  >  443 [ACK] Seq=237923 Ack=4329046 Win=1052160 Len=0","0.000103000"
"4412","191.475894","142.251.37.78","10.100.102.10","TCP","60","443  >  49284 [ACK] Seq=4329046 Ack=237962 Win=556032 Len=0","0.008398000"
